Abdullah_Gul_0013.jpg,Abdullah_Gul
Abdullah_Gul_0014.jpg,Abdullah_Gul
Abdullah_Gul_0013.jpg,Abdullah_Gul
Abdullah_Gul_0016.jpg,Abdullah_Gul
Abdullatif_Sener_0001.jpg,Abdullatif_Sener
Abdullatif_Sener_0002.jpg,Abdullatif_Sener
Adel_Al-Jubeir_0001.jpg,Adel_Al-Jubeir
Adel_Al-Jubeir_0003.jpg,Adel_Al-Jubeir
Al_Pacino_0001.jpg,Al_Pacino
Al_Pacino_0002.jpg,Al_Pacino
Alan_Greenspan_0001.jpg,Alan_Greenspan
Alan_Greenspan_0005.jpg,Alan_Greenspan
Albert_Costa_0002.jpg,Albert_Costa
Albert_Costa_0006.jpg,Albert_Costa
Albert_Costa_0004.jpg,Albert_Costa
Albert_Costa_0006.jpg,Albert_Costa
Albert_Costa_0005.jpg,Albert_Costa
Albert_Costa_0006.jpg,Albert_Costa
Alejandro_Atchugarry_0001.jpg,Alejandro_Atchugarry
Alejandro_Atchugarry_0002.jpg,Alejandro_Atchugarry
Alex_Penelas_0001.jpg,Alex_Penelas
Alex_Penelas_0002.jpg,Alex_Penelas
Ali_Naimi_0001.jpg,Ali_Naimi
Ali_Naimi_0003.jpg,Ali_Naimi
Ali_Naimi_0003.jpg,Ali_Naimi
Ali_Naimi_0004.jpg,Ali_Naimi
Allison_Janney_0001.jpg,Allison_Janney
Allison_Janney_0002.jpg,Allison_Janney
Allyson_Felix_0002.jpg,Allyson_Felix
Allyson_Felix_0005.jpg,Allyson_Felix
Alvaro_Uribe_0007.jpg,Alvaro_Uribe
Alvaro_Uribe_0010.jpg,Alvaro_Uribe
Alvaro_Uribe_0017.jpg,Alvaro_Uribe
Alvaro_Uribe_0026.jpg,Alvaro_Uribe
Alvaro_Uribe_0028.jpg,Alvaro_Uribe
Alvaro_Uribe_0029.jpg,Alvaro_Uribe
Amanda_Bynes_0001.jpg,Amanda_Bynes
Amanda_Bynes_0002.jpg,Amanda_Bynes
Amanda_Bynes_0001.jpg,Amanda_Bynes
Amanda_Bynes_0003.jpg,Amanda_Bynes
Amanda_Bynes_0001.jpg,Amanda_Bynes
Amanda_Bynes_0004.jpg,Amanda_Bynes
Amanda_Bynes_0003.jpg,Amanda_Bynes
Amanda_Bynes_0004.jpg,Amanda_Bynes
Amelie_Mauresmo_0001.jpg,Amelie_Mauresmo
Amelie_Mauresmo_0021.jpg,Amelie_Mauresmo
Amelie_Mauresmo_0004.jpg,Amelie_Mauresmo
Amelie_Mauresmo_0011.jpg,Amelie_Mauresmo
Amelie_Mauresmo_0016.jpg,Amelie_Mauresmo
Amelie_Mauresmo_0021.jpg,Amelie_Mauresmo
Ana_Palacio_0001.jpg,Ana_Palacio
Ana_Palacio_0006.jpg,Ana_Palacio
Andrei_Mikhnevich_0001.jpg,Andrei_Mikhnevich
Andrei_Mikhnevich_0002.jpg,Andrei_Mikhnevich
Andy_Hebb_0001.jpg,Andy_Hebb
Andy_Hebb_0002.jpg,Andy_Hebb
Angelo_Reyes_0001.jpg,Angelo_Reyes
Angelo_Reyes_0002.jpg,Angelo_Reyes
Angelo_Reyes_0002.jpg,Angelo_Reyes
Angelo_Reyes_0003.jpg,Angelo_Reyes
Ann_Veneman_0001.jpg,Ann_Veneman
Ann_Veneman_0002.jpg,Ann_Veneman
Ann_Veneman_0005.jpg,Ann_Veneman
Ann_Veneman_0011.jpg,Ann_Veneman
Ann_Veneman_0008.jpg,Ann_Veneman
Ann_Veneman_0009.jpg,Ann_Veneman
Anna_Nicole_Smith_0001.jpg,Anna_Nicole_Smith
Anna_Nicole_Smith_0002.jpg,Anna_Nicole_Smith
Anne_Krueger_0001.jpg,Anne_Krueger
Anne_Krueger_0002.jpg,Anne_Krueger
Anne_Krueger_0002.jpg,Anne_Krueger
Anne_Krueger_0003.jpg,Anne_Krueger
Annette_Lu_0001.jpg,Annette_Lu
Annette_Lu_0002.jpg,Annette_Lu
Annette_Lu_0001.jpg,Annette_Lu
Annette_Lu_0003.jpg,Annette_Lu
Annette_Lu_0002.jpg,Annette_Lu
Annette_Lu_0003.jpg,Annette_Lu
Antonio_Palocci_0003.jpg,Antonio_Palocci
Antonio_Palocci_0008.jpg,Antonio_Palocci
Antonio_Trillanes_0001.jpg,Antonio_Trillanes
Antonio_Trillanes_0002.jpg,Antonio_Trillanes
Antonio_Trillanes_0002.jpg,Antonio_Trillanes
Antonio_Trillanes_0003.jpg,Antonio_Trillanes
Arlen_Specter_0001.jpg,Arlen_Specter
Arlen_Specter_0003.jpg,Arlen_Specter
Augustin_Calleri_0001.jpg,Augustin_Calleri
Augustin_Calleri_0003.jpg,Augustin_Calleri
Augustin_Calleri_0001.jpg,Augustin_Calleri
Augustin_Calleri_0004.jpg,Augustin_Calleri
Barbara_Brezigar_0001.jpg,Barbara_Brezigar
Barbara_Brezigar_0002.jpg,Barbara_Brezigar
Begum_Khaleda_Zia_0001.jpg,Begum_Khaleda_Zia
Begum_Khaleda_Zia_0002.jpg,Begum_Khaleda_Zia
Ben_Affleck_0001.jpg,Ben_Affleck
Ben_Affleck_0003.jpg,Ben_Affleck
Ben_Affleck_0002.jpg,Ben_Affleck
Ben_Affleck_0006.jpg,Ben_Affleck
Ben_Affleck_0003.jpg,Ben_Affleck
Ben_Affleck_0006.jpg,Ben_Affleck
Bertie_Ahern_0002.jpg,Bertie_Ahern
Bertie_Ahern_0003.jpg,Bertie_Ahern
Bill_Frist_0001.jpg,Bill_Frist
Bill_Frist_0003.jpg,Bill_Frist
Bill_Frist_0002.jpg,Bill_Frist
Bill_Frist_0007.jpg,Bill_Frist
Bill_Frist_0003.jpg,Bill_Frist
Bill_Frist_0008.jpg,Bill_Frist
Bill_McBride_0002.jpg,Bill_McBride
Bill_McBride_0006.jpg,Bill_McBride
Bill_McBride_0002.jpg,Bill_McBride
Bill_McBride_0010.jpg,Bill_McBride
Bill_McBride_0003.jpg,Bill_McBride
Bill_McBride_0009.jpg,Bill_McBride
Bill_Sizemore_0001.jpg,Bill_Sizemore
Bill_Sizemore_0002.jpg,Bill_Sizemore
Bono_0001.jpg,Bono
Bono_0002.jpg,Bono
Bono_0001.jpg,Bono
Bono_0003.jpg,Bono
Bono_0002.jpg,Bono
Bono_0003.jpg,Bono
Brian_Cowen_0001.jpg,Brian_Cowen
Brian_Cowen_0002.jpg,Brian_Cowen
Bridget_Fonda_0001.jpg,Bridget_Fonda
Bridget_Fonda_0003.jpg,Bridget_Fonda
Bridgette_Wilson-Sampras_0001.jpg,Bridgette_Wilson-Sampras
Bridgette_Wilson-Sampras_0002.jpg,Bridgette_Wilson-Sampras
Butch_Davis_0001.jpg,Butch_Davis
Butch_Davis_0002.jpg,Butch_Davis
Calista_Flockhart_0002.jpg,Calista_Flockhart
Calista_Flockhart_0006.jpg,Calista_Flockhart
Candice_Bergen_0001.jpg,Candice_Bergen
Candice_Bergen_0003.jpg,Candice_Bergen
Carla_Del_Ponte_0002.jpg,Carla_Del_Ponte
Carla_Del_Ponte_0004.jpg,Carla_Del_Ponte
Carla_Del_Ponte_0004.jpg,Carla_Del_Ponte
Carla_Del_Ponte_0005.jpg,Carla_Del_Ponte
Carlos_Manuel_Pruneda_0001.jpg,Carlos_Manuel_Pruneda
Carlos_Manuel_Pruneda_0002.jpg,Carlos_Manuel_Pruneda
Carlos_Manuel_Pruneda_0001.jpg,Carlos_Manuel_Pruneda
Carlos_Manuel_Pruneda_0003.jpg,Carlos_Manuel_Pruneda
Carlos_Manuel_Pruneda_0002.jpg,Carlos_Manuel_Pruneda
Carlos_Manuel_Pruneda_0003.jpg,Carlos_Manuel_Pruneda
Carlos_Moya_0007.jpg,Carlos_Moya
Carlos_Moya_0011.jpg,Carlos_Moya
Carlos_Ortega_0001.jpg,Carlos_Ortega
Carlos_Ortega_0003.jpg,Carlos_Ortega
Carolyn_Dawn_Johnson_0002.jpg,Carolyn_Dawn_Johnson
Carolyn_Dawn_Johnson_0003.jpg,Carolyn_Dawn_Johnson
Carrie-Anne_Moss_0002.jpg,Carrie-Anne_Moss
Carrie-Anne_Moss_0005.jpg,Carrie-Anne_Moss
Carson_Daly_0001.jpg,Carson_Daly
Carson_Daly_0002.jpg,Carson_Daly
Cathy_Freeman_0001.jpg,Cathy_Freeman
Cathy_Freeman_0002.jpg,Cathy_Freeman
Chanda_Rubin_0002.jpg,Chanda_Rubin
Chanda_Rubin_0004.jpg,Chanda_Rubin
Chang_Dae-whan_0001.jpg,Chang_Dae-whan
Chang_Dae-whan_0002.jpg,Chang_Dae-whan
Charles_Taylor_0003.jpg,Charles_Taylor
Charles_Taylor_0009.jpg,Charles_Taylor
Chen_Shui-bian_0003.jpg,Chen_Shui-bian
Chen_Shui-bian_0005.jpg,Chen_Shui-bian
Chita_Rivera_0001.jpg,Chita_Rivera
Chita_Rivera_0002.jpg,Chita_Rivera
Chok_Tong_Goh_0001.jpg,Chok_Tong_Goh
Chok_Tong_Goh_0002.jpg,Chok_Tong_Goh
Chris_Bell_0001.jpg,Chris_Bell
Chris_Bell_0002.jpg,Chris_Bell
Chris_Byrd_0001.jpg,Chris_Byrd
Chris_Byrd_0002.jpg,Chris_Byrd
Christian_Longo_0001.jpg,Christian_Longo
Christian_Longo_0003.jpg,Christian_Longo
Christian_Longo_0002.jpg,Christian_Longo
Christian_Longo_0003.jpg,Christian_Longo
Christian_Wulff_0001.jpg,Christian_Wulff
Christian_Wulff_0002.jpg,Christian_Wulff
Christine_Ebersole_0001.jpg,Christine_Ebersole
Christine_Ebersole_0002.jpg,Christine_Ebersole
Christine_Todd_Whitman_0005.jpg,Christine_Todd_Whitman
Christine_Todd_Whitman_0006.jpg,Christine_Todd_Whitman
Christopher_Reeve_0001.jpg,Christopher_Reeve
Christopher_Reeve_0004.jpg,Christopher_Reeve
Claire_Leger_0001.jpg,Claire_Leger
Claire_Leger_0002.jpg,Claire_Leger
Condoleezza_Rice_0002.jpg,Condoleezza_Rice
Condoleezza_Rice_0005.jpg,Condoleezza_Rice
Condoleezza_Rice_0007.jpg,Condoleezza_Rice
Condoleezza_Rice_0010.jpg,Condoleezza_Rice
Cristina_Fernandez_0001.jpg,Cristina_Fernandez
Cristina_Fernandez_0002.jpg,Cristina_Fernandez
Dai_Bachtiar_0001.jpg,Dai_Bachtiar
Dai_Bachtiar_0002.jpg,Dai_Bachtiar
Daisy_Fuentes_0003.jpg,Daisy_Fuentes
Daisy_Fuentes_0004.jpg,Daisy_Fuentes
Dave_Campo_0001.jpg,Dave_Campo
Dave_Campo_0002.jpg,Dave_Campo
Dave_Campo_0002.jpg,Dave_Campo
Dave_Campo_0003.jpg,Dave_Campo
David_Stern_0001.jpg,David_Stern
David_Stern_0004.jpg,David_Stern
David_Stern_0003.jpg,David_Stern
David_Stern_0004.jpg,David_Stern
Denise_Johnson_0001.jpg,Denise_Johnson
Denise_Johnson_0002.jpg,Denise_Johnson
Dennis_Powell_0001.jpg,Dennis_Powell
Dennis_Powell_0002.jpg,Dennis_Powell
Denzel_Washington_0001.jpg,Denzel_Washington
Denzel_Washington_0003.jpg,Denzel_Washington
Denzel_Washington_0002.jpg,Denzel_Washington
Denzel_Washington_0004.jpg,Denzel_Washington
Denzel_Washington_0002.jpg,Denzel_Washington
Denzel_Washington_0005.jpg,Denzel_Washington
Derek_Jeter_0002.jpg,Derek_Jeter
Derek_Jeter_0003.jpg,Derek_Jeter
Diane_Green_0001.jpg,Diane_Green
Diane_Green_0002.jpg,Diane_Green
Dick_Clark_0001.jpg,Dick_Clark
Dick_Clark_0002.jpg,Dick_Clark
Dick_Clark_0001.jpg,Dick_Clark
Dick_Clark_0003.jpg,Dick_Clark
Dick_Clark_0002.jpg,Dick_Clark
Dick_Clark_0003.jpg,Dick_Clark
Dick_Vermeil_0001.jpg,Dick_Vermeil
Dick_Vermeil_0002.jpg,Dick_Vermeil
Dominique_de_Villepin_0003.jpg,Dominique_de_Villepin
Dominique_de_Villepin_0005.jpg,Dominique_de_Villepin
Dominique_de_Villepin_0007.jpg,Dominique_de_Villepin
Dominique_de_Villepin_0011.jpg,Dominique_de_Villepin
Dominique_de_Villepin_0014.jpg,Dominique_de_Villepin
Dominique_de_Villepin_0015.jpg,Dominique_de_Villepin
Donald_Pettit_0001.jpg,Donald_Pettit
Donald_Pettit_0002.jpg,Donald_Pettit
Donald_Pettit_0002.jpg,Donald_Pettit
Donald_Pettit_0003.jpg,Donald_Pettit
Donald_Rumsfeld_0022.jpg,Donald_Rumsfeld
Donald_Rumsfeld_0036.jpg,Donald_Rumsfeld
Donald_Rumsfeld_0028.jpg,Donald_Rumsfeld
Donald_Rumsfeld_0108.jpg,Donald_Rumsfeld
Donald_Rumsfeld_0041.jpg,Donald_Rumsfeld
Donald_Rumsfeld_0048.jpg,Donald_Rumsfeld
Doug_Collins_0001.jpg,Doug_Collins
Doug_Collins_0002.jpg,Doug_Collins
Edward_Lu_0002.jpg,Edward_Lu
Edward_Lu_0004.jpg,Edward_Lu
Edward_Norton_0001.jpg,Edward_Norton
Edward_Norton_0002.jpg,Edward_Norton
Edwin_Edwards_0001.jpg,Edwin_Edwards
Edwin_Edwards_0002.jpg,Edwin_Edwards
Edwin_Edwards_0002.jpg,Edwin_Edwards
Edwin_Edwards_0003.jpg,Edwin_Edwards
Eliane_Karp_0001.jpg,Eliane_Karp
Eliane_Karp_0004.jpg,Eliane_Karp
Eliane_Karp_0002.jpg,Eliane_Karp
Eliane_Karp_0003.jpg,Eliane_Karp
Elin_Nordegren_0001.jpg,Elin_Nordegren
Elin_Nordegren_0002.jpg,Elin_Nordegren
Elinor_Caplan_0001.jpg,Elinor_Caplan
Elinor_Caplan_0002.jpg,Elinor_Caplan
Elisabeth_Schumacher_0001.jpg,Elisabeth_Schumacher
Elisabeth_Schumacher_0002.jpg,Elisabeth_Schumacher
Elizabeth_Smart_0001.jpg,Elizabeth_Smart
Elizabeth_Smart_0005.jpg,Elizabeth_Smart
Elizabeth_Smart_0003.jpg,Elizabeth_Smart
Elizabeth_Smart_0004.jpg,Elizabeth_Smart
Elsa_Zylberstein_0001.jpg,Elsa_Zylberstein
Elsa_Zylberstein_0002.jpg,Elsa_Zylberstein
Elsa_Zylberstein_0001.jpg,Elsa_Zylberstein
Elsa_Zylberstein_0005.jpg,Elsa_Zylberstein
Elsa_Zylberstein_0003.jpg,Elsa_Zylberstein
Elsa_Zylberstein_0006.jpg,Elsa_Zylberstein
Emma_Watson_0001.jpg,Emma_Watson
Emma_Watson_0004.jpg,Emma_Watson
Emma_Watson_0002.jpg,Emma_Watson
Emma_Watson_0003.jpg,Emma_Watson
Emma_Watson_0003.jpg,Emma_Watson
Emma_Watson_0005.jpg,Emma_Watson
Erik_Morales_0001.jpg,Erik_Morales
Erik_Morales_0003.jpg,Erik_Morales
Erika_Christensen_0001.jpg,Erika_Christensen
Erika_Christensen_0002.jpg,Erika_Christensen
Erin_Runnion_0003.jpg,Erin_Runnion
Erin_Runnion_0004.jpg,Erin_Runnion
Ernie_Fletcher_0001.jpg,Ernie_Fletcher
Ernie_Fletcher_0002.jpg,Ernie_Fletcher
Fabiola_Zuluaga_0001.jpg,Fabiola_Zuluaga
Fabiola_Zuluaga_0002.jpg,Fabiola_Zuluaga
Felipe_Perez_Roque_0001.jpg,Felipe_Perez_Roque
Felipe_Perez_Roque_0004.jpg,Felipe_Perez_Roque
Felipe_Perez_Roque_0002.jpg,Felipe_Perez_Roque
Felipe_Perez_Roque_0004.jpg,Felipe_Perez_Roque
Fernando_Vargas_0002.jpg,Fernando_Vargas
Fernando_Vargas_0004.jpg,Fernando_Vargas
Flor_Montulo_0001.jpg,Flor_Montulo
Flor_Montulo_0002.jpg,Flor_Montulo
Frank_Cassell_0001.jpg,Frank_Cassell
Frank_Cassell_0002.jpg,Frank_Cassell
Frank_Dunham_Jr_0001.jpg,Frank_Dunham_Jr
Frank_Dunham_Jr_0002.jpg,Frank_Dunham_Jr
Gao_Qiang_0001.jpg,Gao_Qiang
Gao_Qiang_0002.jpg,Gao_Qiang
Garry_Trudeau_0001.jpg,Garry_Trudeau
Garry_Trudeau_0002.jpg,Garry_Trudeau
Gary_Doer_0001.jpg,Gary_Doer
Gary_Doer_0002.jpg,Gary_Doer
Gary_Doer_0001.jpg,Gary_Doer
Gary_Doer_0003.jpg,Gary_Doer
Gary_Doer_0002.jpg,Gary_Doer
Gary_Doer_0003.jpg,Gary_Doer
Gary_Winnick_0001.jpg,Gary_Winnick
Gary_Winnick_0002.jpg,Gary_Winnick
Gene_Robinson_0002.jpg,Gene_Robinson
Gene_Robinson_0004.jpg,Gene_Robinson
George_Foreman_0001.jpg,George_Foreman
George_Foreman_0002.jpg,George_Foreman
George_Karl_0001.jpg,George_Karl
George_Karl_0002.jpg,George_Karl
George_Robertson_0005.jpg,George_Robertson
George_Robertson_0020.jpg,George_Robertson
George_Robertson_0012.jpg,George_Robertson
George_Robertson_0019.jpg,George_Robertson
George_Robertson_0015.jpg,George_Robertson
George_Robertson_0022.jpg,George_Robertson
Georgi_Parvanov_0001.jpg,Georgi_Parvanov
Georgi_Parvanov_0002.jpg,Georgi_Parvanov
Geraldine_Chaplin_0001.jpg,Geraldine_Chaplin
Geraldine_Chaplin_0003.jpg,Geraldine_Chaplin
Gerhard_Schroeder_0003.jpg,Gerhard_Schroeder
Gerhard_Schroeder_0026.jpg,Gerhard_Schroeder
Gerry_Adams_0003.jpg,Gerry_Adams
Gerry_Adams_0007.jpg,Gerry_Adams
Gerry_Adams_0005.jpg,Gerry_Adams
Gerry_Adams_0008.jpg,Gerry_Adams
Gilberto_Rodriguez_Orejuela_0001.jpg,Gilberto_Rodriguez_Orejuela
Gilberto_Rodriguez_Orejuela_0003.jpg,Gilberto_Rodriguez_Orejuela
Gilberto_Rodriguez_Orejuela_0002.jpg,Gilberto_Rodriguez_Orejuela
Gilberto_Rodriguez_Orejuela_0004.jpg,Gilberto_Rodriguez_Orejuela
Gilberto_Rodriguez_Orejuela_0003.jpg,Gilberto_Rodriguez_Orejuela
Gilberto_Rodriguez_Orejuela_0004.jpg,Gilberto_Rodriguez_Orejuela
Giuseppe_Gibilisco_0002.jpg,Giuseppe_Gibilisco
Giuseppe_Gibilisco_0004.jpg,Giuseppe_Gibilisco
Giuseppe_Gibilisco_0003.jpg,Giuseppe_Gibilisco
Giuseppe_Gibilisco_0004.jpg,Giuseppe_Gibilisco
Glafcos_Clerides_0001.jpg,Glafcos_Clerides
Glafcos_Clerides_0004.jpg,Glafcos_Clerides
Gordon_Brown_0004.jpg,Gordon_Brown
Gordon_Brown_0011.jpg,Gordon_Brown
Gordon_Campbell_0001.jpg,Gordon_Campbell
Gordon_Campbell_0002.jpg,Gordon_Campbell
Gray_Davis_0006.jpg,Gray_Davis
Gray_Davis_0023.jpg,Gray_Davis
Gray_Davis_0013.jpg,Gray_Davis
Gray_Davis_0023.jpg,Gray_Davis
Greg_Gilbert_0001.jpg,Greg_Gilbert
Greg_Gilbert_0002.jpg,Greg_Gilbert
Greg_Ostertag_0001.jpg,Greg_Ostertag
Greg_Ostertag_0002.jpg,Greg_Ostertag
Gregory_Hines_0001.jpg,Gregory_Hines
Gregory_Hines_0002.jpg,Gregory_Hines
Gus_Van_Sant_0001.jpg,Gus_Van_Sant
Gus_Van_Sant_0002.jpg,Gus_Van_Sant
Gwendal_Peizerat_0001.jpg,Gwendal_Peizerat
Gwendal_Peizerat_0002.jpg,Gwendal_Peizerat
Gwyneth_Paltrow_0004.jpg,Gwyneth_Paltrow
Gwyneth_Paltrow_0005.jpg,Gwyneth_Paltrow
Harry_Kalas_0001.jpg,Harry_Kalas
Harry_Kalas_0002.jpg,Harry_Kalas
Hassan_Wirajuda_0001.jpg,Hassan_Wirajuda
Hassan_Wirajuda_0002.jpg,Hassan_Wirajuda
Heather_Mills_0003.jpg,Heather_Mills
Heather_Mills_0004.jpg,Heather_Mills
Heidi_Fleiss_0001.jpg,Heidi_Fleiss
Heidi_Fleiss_0003.jpg,Heidi_Fleiss
Heidi_Fleiss_0001.jpg,Heidi_Fleiss
Heidi_Fleiss_0004.jpg,Heidi_Fleiss
Hermann_Maier_0001.jpg,Hermann_Maier
Hermann_Maier_0002.jpg,Hermann_Maier
Horst_Koehler_0001.jpg,Horst_Koehler
Horst_Koehler_0003.jpg,Horst_Koehler
Ian_Thorpe_0002.jpg,Ian_Thorpe
Ian_Thorpe_0007.jpg,Ian_Thorpe
Ian_Thorpe_0003.jpg,Ian_Thorpe
Ian_Thorpe_0010.jpg,Ian_Thorpe
Ian_Thorpe_0006.jpg,Ian_Thorpe
Ian_Thorpe_0008.jpg,Ian_Thorpe
Isabella_Rossellini_0001.jpg,Isabella_Rossellini
Isabella_Rossellini_0002.jpg,Isabella_Rossellini
Isabelle_Huppert_0001.jpg,Isabelle_Huppert
Isabelle_Huppert_0002.jpg,Isabelle_Huppert
Ismail_Merchant_0001.jpg,Ismail_Merchant
Ismail_Merchant_0002.jpg,Ismail_Merchant
Jack_Grubman_0001.jpg,Jack_Grubman
Jack_Grubman_0002.jpg,Jack_Grubman
Jack_Nicholson_0002.jpg,Jack_Nicholson
Jack_Nicholson_0003.jpg,Jack_Nicholson
Jacques_Chirac_0022.jpg,Jacques_Chirac
Jacques_Chirac_0044.jpg,Jacques_Chirac
Jacques_Chirac_0030.jpg,Jacques_Chirac
Jacques_Chirac_0033.jpg,Jacques_Chirac
Jacques_Chirac_0031.jpg,Jacques_Chirac
Jacques_Chirac_0052.jpg,Jacques_Chirac
Jacques_Rogge_0004.jpg,Jacques_Rogge
Jacques_Rogge_0006.jpg,Jacques_Rogge
Jake_Gyllenhaal_0002.jpg,Jake_Gyllenhaal
Jake_Gyllenhaal_0004.jpg,Jake_Gyllenhaal
Jake_Gyllenhaal_0003.jpg,Jake_Gyllenhaal
Jake_Gyllenhaal_0004.jpg,Jake_Gyllenhaal
James_Butts_0001.jpg,James_Butts
James_Butts_0002.jpg,James_Butts
James_Franco_0001.jpg,James_Franco
James_Franco_0002.jpg,James_Franco
James_Kelly_0004.jpg,James_Kelly
James_Kelly_0011.jpg,James_Kelly
James_Kelly_0009.jpg,James_Kelly
James_Kelly_0011.jpg,James_Kelly
James_Kopp_0001.jpg,James_Kopp
James_Kopp_0003.jpg,James_Kopp
James_Kopp_0002.jpg,James_Kopp
James_Kopp_0003.jpg,James_Kopp
James_Maguire_0001.jpg,James_Maguire
James_Maguire_0002.jpg,James_Maguire
James_Smith_0001.jpg,James_Smith
James_Smith_0002.jpg,James_Smith
Jan_Ullrich_0002.jpg,Jan_Ullrich
Jan_Ullrich_0003.jpg,Jan_Ullrich
Jan_Ullrich_0002.jpg,Jan_Ullrich
Jan_Ullrich_0005.jpg,Jan_Ullrich
Janica_Kostelic_0001.jpg,Janica_Kostelic
Janica_Kostelic_0002.jpg,Janica_Kostelic
Javier_Weber_0001.jpg,Javier_Weber
Javier_Weber_0002.jpg,Javier_Weber
Javier_Weber_0001.jpg,Javier_Weber
Javier_Weber_0003.jpg,Javier_Weber
Jean-Claude_Juncker_0001.jpg,Jean-Claude_Juncker
Jean-Claude_Juncker_0002.jpg,Jean-Claude_Juncker
Jean-Claude_Trichet_0001.jpg,Jean-Claude_Trichet
Jean-Claude_Trichet_0002.jpg,Jean-Claude_Trichet
Jean-Marc_de_La_Sabliere_0001.jpg,Jean-Marc_de_La_Sabliere
Jean-Marc_de_La_Sabliere_0002.jpg,Jean-Marc_de_La_Sabliere
Jean-Pierre_Raffarin_0002.jpg,Jean-Pierre_Raffarin
Jean-Pierre_Raffarin_0006.jpg,Jean-Pierre_Raffarin
Jean_Carnahan_0001.jpg,Jean_Carnahan
Jean_Carnahan_0002.jpg,Jean_Carnahan
Jefferson_Perez_0001.jpg,Jefferson_Perez
Jefferson_Perez_0002.jpg,Jefferson_Perez
Jennifer_Capriati_0003.jpg,Jennifer_Capriati
Jennifer_Capriati_0013.jpg,Jennifer_Capriati
Jennifer_Capriati_0024.jpg,Jennifer_Capriati
Jennifer_Capriati_0029.jpg,Jennifer_Capriati
Jennifer_Connelly_0001.jpg,Jennifer_Connelly
Jennifer_Connelly_0004.jpg,Jennifer_Connelly
Jennifer_Connelly_0003.jpg,Jennifer_Connelly
Jennifer_Connelly_0004.jpg,Jennifer_Connelly
Jennifer_Keller_0002.jpg,Jennifer_Keller
Jennifer_Keller_0004.jpg,Jennifer_Keller
Jennifer_Keller_0003.jpg,Jennifer_Keller
Jennifer_Keller_0004.jpg,Jennifer_Keller
Jeong_Se-hyun_0004.jpg,Jeong_Se-hyun
Jeong_Se-hyun_0005.jpg,Jeong_Se-hyun
Jeremy_Shockey_0001.jpg,Jeremy_Shockey
Jeremy_Shockey_0002.jpg,Jeremy_Shockey
Jesse_Ventura_0001.jpg,Jesse_Ventura
Jesse_Ventura_0003.jpg,Jesse_Ventura
Jessica_Lange_0001.jpg,Jessica_Lange
Jessica_Lange_0002.jpg,Jessica_Lange
Jiang_Zemin_0002.jpg,Jiang_Zemin
Jiang_Zemin_0017.jpg,Jiang_Zemin
Jiang_Zemin_0012.jpg,Jiang_Zemin
Jiang_Zemin_0015.jpg,Jiang_Zemin
Jim_Harrick_0001.jpg,Jim_Harrick
Jim_Harrick_0002.jpg,Jim_Harrick
Jimmy_Carter_0001.jpg,Jimmy_Carter
Jimmy_Carter_0009.jpg,Jimmy_Carter
Jimmy_Carter_0004.jpg,Jimmy_Carter
Jimmy_Carter_0008.jpg,Jimmy_Carter
Jimmy_Carter_0008.jpg,Jimmy_Carter
Jimmy_Carter_0009.jpg,Jimmy_Carter
Joe_Mantello_0001.jpg,Joe_Mantello
Joe_Mantello_0002.jpg,Joe_Mantello
Joe_Nichols_0001.jpg,Joe_Nichols
Joe_Nichols_0003.jpg,Joe_Nichols
Joe_Nichols_0003.jpg,Joe_Nichols
Joe_Nichols_0004.jpg,Joe_Nichols
John_Bolton_0003.jpg,John_Bolton
John_Bolton_0010.jpg,John_Bolton
John_Bolton_0004.jpg,John_Bolton
John_Bolton_0014.jpg,John_Bolton
John_Bolton_0005.jpg,John_Bolton
John_Bolton_0013.jpg,John_Bolton
John_Bolton_0011.jpg,John_Bolton
John_Bolton_0014.jpg,John_Bolton
John_Garamendi_0001.jpg,John_Garamendi
John_Garamendi_0002.jpg,John_Garamendi
John_McCallum_0001.jpg,John_McCallum
John_McCallum_0002.jpg,John_McCallum
John_Negroponte_0004.jpg,John_Negroponte
John_Negroponte_0017.jpg,John_Negroponte
John_Rowland_0001.jpg,John_Rowland
John_Rowland_0002.jpg,John_Rowland
John_Stallworth_0001.jpg,John_Stallworth
John_Stallworth_0002.jpg,John_Stallworth
John_Travolta_0004.jpg,John_Travolta
John_Travolta_0005.jpg,John_Travolta
John_Walsh_0001.jpg,John_Walsh
John_Walsh_0002.jpg,John_Walsh
Johnny_Carson_0001.jpg,Johnny_Carson
Johnny_Carson_0002.jpg,Johnny_Carson
Jorge_Castaneda_0001.jpg,Jorge_Castaneda
Jorge_Castaneda_0002.jpg,Jorge_Castaneda
Jose_Dirceu_0001.jpg,Jose_Dirceu
Jose_Dirceu_0002.jpg,Jose_Dirceu
Joseph_Deiss_0001.jpg,Joseph_Deiss
Joseph_Deiss_0002.jpg,Joseph_Deiss
Judi_Dench_0001.jpg,Judi_Dench
Judi_Dench_0002.jpg,Judi_Dench
Julie_Gerberding_0007.jpg,Julie_Gerberding
Julie_Gerberding_0012.jpg,Julie_Gerberding
Julie_Gerberding_0008.jpg,Julie_Gerberding
Julie_Gerberding_0012.jpg,Julie_Gerberding
Justin_Leonard_0001.jpg,Justin_Leonard
Justin_Leonard_0003.jpg,Justin_Leonard
Justine_Henin_0001.jpg,Justine_Henin
Justine_Henin_0003.jpg,Justine_Henin
Justine_Henin_0002.jpg,Justine_Henin
Justine_Henin_0003.jpg,Justine_Henin
Kamal_Kharrazi_0003.jpg,Kamal_Kharrazi
Kamal_Kharrazi_0005.jpg,Kamal_Kharrazi
Keith_Bogans_0002.jpg,Keith_Bogans
Keith_Bogans_0003.jpg,Keith_Bogans
Kenneth_Evans_0001.jpg,Kenneth_Evans
Kenneth_Evans_0002.jpg,Kenneth_Evans
Kim_Yong-il_0001.jpg,Kim_Yong-il
Kim_Yong-il_0002.jpg,Kim_Yong-il
King_Abdullah_II_0001.jpg,King_Abdullah_II
King_Abdullah_II_0002.jpg,King_Abdullah_II
King_Abdullah_II_0001.jpg,King_Abdullah_II
King_Abdullah_II_0003.jpg,King_Abdullah_II
King_Abdullah_II_0001.jpg,King_Abdullah_II
King_Abdullah_II_0004.jpg,King_Abdullah_II
King_Abdullah_II_0002.jpg,King_Abdullah_II
King_Abdullah_II_0003.jpg,King_Abdullah_II
Kjell_Magne_Bondevik_0001.jpg,Kjell_Magne_Bondevik
Kjell_Magne_Bondevik_0002.jpg,Kjell_Magne_Bondevik
Kosuke_Kitajima_0001.jpg,Kosuke_Kitajima
Kosuke_Kitajima_0002.jpg,Kosuke_Kitajima
Kristen_Breitweiser_0001.jpg,Kristen_Breitweiser
Kristen_Breitweiser_0002.jpg,Kristen_Breitweiser
Kristin_Davis_0001.jpg,Kristin_Davis
Kristin_Davis_0002.jpg,Kristin_Davis
Kristin_Davis_0002.jpg,Kristin_Davis
Kristin_Davis_0003.jpg,Kristin_Davis
Kurt_Warner_0001.jpg,Kurt_Warner
Kurt_Warner_0005.jpg,Kurt_Warner
LK_Advani_0001.jpg,LK_Advani
LK_Advani_0002.jpg,LK_Advani
LK_Advani_0001.jpg,LK_Advani
LK_Advani_0003.jpg,LK_Advani
LK_Advani_0002.jpg,LK_Advani
LK_Advani_0003.jpg,LK_Advani
Larry_Coker_0002.jpg,Larry_Coker
Larry_Coker_0004.jpg,Larry_Coker
Latrell_Sprewell_0001.jpg,Latrell_Sprewell
Latrell_Sprewell_0002.jpg,Latrell_Sprewell
Laura_Linney_0001.jpg,Laura_Linney
Laura_Linney_0003.jpg,Laura_Linney
Lauren_Killian_0001.jpg,Lauren_Killian
Lauren_Killian_0002.jpg,Lauren_Killian
Laurent_Jalabert_0001.jpg,Laurent_Jalabert
Laurent_Jalabert_0002.jpg,Laurent_Jalabert
Leonardo_DiCaprio_0001.jpg,Leonardo_DiCaprio
Leonardo_DiCaprio_0008.jpg,Leonardo_DiCaprio
Leonardo_DiCaprio_0003.jpg,Leonardo_DiCaprio
Leonardo_DiCaprio_0007.jpg,Leonardo_DiCaprio
Leonid_Kuchma_0001.jpg,Leonid_Kuchma
Leonid_Kuchma_0006.jpg,Leonid_Kuchma
Leonid_Kuchma_0002.jpg,Leonid_Kuchma
Leonid_Kuchma_0003.jpg,Leonid_Kuchma
Leonid_Kuchma_0002.jpg,Leonid_Kuchma
Leonid_Kuchma_0004.jpg,Leonid_Kuchma
Leonid_Kuchma_0004.jpg,Leonid_Kuchma
Leonid_Kuchma_0006.jpg,Leonid_Kuchma
Leslie_Moonves_0001.jpg,Leslie_Moonves
Leslie_Moonves_0002.jpg,Leslie_Moonves
Leszek_Miller_0002.jpg,Leszek_Miller
Leszek_Miller_0003.jpg,Leszek_Miller
Lino_Oviedo_0001.jpg,Lino_Oviedo
Lino_Oviedo_0002.jpg,Lino_Oviedo
Lisa_Raymond_0001.jpg,Lisa_Raymond
Lisa_Raymond_0002.jpg,Lisa_Raymond
Liza_Minnelli_0001.jpg,Liza_Minnelli
Liza_Minnelli_0003.jpg,Liza_Minnelli
Lloyd_Ward_0001.jpg,Lloyd_Ward
Lloyd_Ward_0002.jpg,Lloyd_Ward
Luciano_Pavarotti_0001.jpg,Luciano_Pavarotti
Luciano_Pavarotti_0003.jpg,Luciano_Pavarotti
Lucy_Liu_0002.jpg,Lucy_Liu
Lucy_Liu_0004.jpg,Lucy_Liu
Luis_Figo_0001.jpg,Luis_Figo
Luis_Figo_0002.jpg,Luis_Figo
Luis_Horna_0001.jpg,Luis_Horna
Luis_Horna_0003.jpg,Luis_Horna
Luis_Horna_0002.jpg,Luis_Horna
Luis_Horna_0005.jpg,Luis_Horna
Lynn_Abraham_0001.jpg,Lynn_Abraham
Lynn_Abraham_0002.jpg,Lynn_Abraham
Mack_Brown_0001.jpg,Mack_Brown
Mack_Brown_0002.jpg,Mack_Brown
Mahmoud_Abbas_0019.jpg,Mahmoud_Abbas
Mahmoud_Abbas_0026.jpg,Mahmoud_Abbas
Marcelo_Rios_0001.jpg,Marcelo_Rios
Marcelo_Rios_0004.jpg,Marcelo_Rios
Marcelo_Rios_0002.jpg,Marcelo_Rios
Marcelo_Rios_0004.jpg,Marcelo_Rios
Marcelo_Rios_0004.jpg,Marcelo_Rios
Marcelo_Rios_0005.jpg,Marcelo_Rios
Marieta_Chrousala_0001.jpg,Marieta_Chrousala
Marieta_Chrousala_0002.jpg,Marieta_Chrousala
Marieta_Chrousala_0001.jpg,Marieta_Chrousala
Marieta_Chrousala_0003.jpg,Marieta_Chrousala
Mario_Cipollini_0001.jpg,Mario_Cipollini
Mario_Cipollini_0002.jpg,Mario_Cipollini
Mark_Dacey_0001.jpg,Mark_Dacey
Mark_Dacey_0002.jpg,Mark_Dacey
Mark_Richt_0001.jpg,Mark_Richt
Mark_Richt_0003.jpg,Mark_Richt
Mark_Richt_0002.jpg,Mark_Richt
Mark_Richt_0003.jpg,Mark_Richt
Martha_Burk_0002.jpg,Martha_Burk
Martha_Burk_0004.jpg,Martha_Burk
Martha_Stewart_0001.jpg,Martha_Stewart
Martha_Stewart_0002.jpg,Martha_Stewart
Martha_Stewart_0002.jpg,Martha_Stewart
Martha_Stewart_0005.jpg,Martha_Stewart
Martha_Stewart_0003.jpg,Martha_Stewart
Martha_Stewart_0005.jpg,Martha_Stewart
Martin_Cauchon_0001.jpg,Martin_Cauchon
Martin_Cauchon_0002.jpg,Martin_Cauchon
Martin_Sheen_0001.jpg,Martin_Sheen
Martin_Sheen_0002.jpg,Martin_Sheen
Mary_Landrieu_0001.jpg,Mary_Landrieu
Mary_Landrieu_0003.jpg,Mary_Landrieu
Masum_Turker_0001.jpg,Masum_Turker
Masum_Turker_0002.jpg,Masum_Turker
Masum_Turker_0001.jpg,Masum_Turker
Masum_Turker_0003.jpg,Masum_Turker
Matt_Doherty_0001.jpg,Matt_Doherty
Matt_Doherty_0002.jpg,Matt_Doherty
Matt_Doherty_0001.jpg,Matt_Doherty
Matt_Doherty_0003.jpg,Matt_Doherty
Matthew_Broderick_0001.jpg,Matthew_Broderick
Matthew_Broderick_0004.jpg,Matthew_Broderick
Matthew_Broderick_0002.jpg,Matthew_Broderick
Matthew_Broderick_0003.jpg,Matthew_Broderick
Matthew_Broderick_0003.jpg,Matthew_Broderick
Matthew_Broderick_0004.jpg,Matthew_Broderick
Melissa_Etheridge_0001.jpg,Melissa_Etheridge
Melissa_Etheridge_0002.jpg,Melissa_Etheridge
Michael_Jackson_0002.jpg,Michael_Jackson
Michael_Jackson_0008.jpg,Michael_Jackson
Michael_Phelps_0001.jpg,Michael_Phelps
Michael_Phelps_0003.jpg,Michael_Phelps
Michael_Sullivan_0001.jpg,Michael_Sullivan
Michael_Sullivan_0002.jpg,Michael_Sullivan
Michel_Duclos_0001.jpg,Michel_Duclos
Michel_Duclos_0002.jpg,Michel_Duclos
Michelle_Yeoh_0003.jpg,Michelle_Yeoh
Michelle_Yeoh_0004.jpg,Michelle_Yeoh
Miguel_Contreras_0001.jpg,Miguel_Contreras
Miguel_Contreras_0002.jpg,Miguel_Contreras
Mike_Price_0001.jpg,Mike_Price
Mike_Price_0002.jpg,Mike_Price
Mikhail_Youzhny_0001.jpg,Mikhail_Youzhny
Mikhail_Youzhny_0002.jpg,Mikhail_Youzhny
Mikhail_Youzhny_0001.jpg,Mikhail_Youzhny
Mikhail_Youzhny_0003.jpg,Mikhail_Youzhny
Mikhail_Youzhny_0002.jpg,Mikhail_Youzhny
Mikhail_Youzhny_0003.jpg,Mikhail_Youzhny
Mikulas_Dzurinda_0001.jpg,Mikulas_Dzurinda
Mikulas_Dzurinda_0002.jpg,Mikulas_Dzurinda
Mireya_Moscoso_0001.jpg,Mireya_Moscoso
Mireya_Moscoso_0003.jpg,Mireya_Moscoso
Mireya_Moscoso_0002.jpg,Mireya_Moscoso
Mireya_Moscoso_0003.jpg,Mireya_Moscoso
Mohamed_ElBaradei_0003.jpg,Mohamed_ElBaradei
Mohamed_ElBaradei_0006.jpg,Mohamed_ElBaradei
Mohamed_ElBaradei_0004.jpg,Mohamed_ElBaradei
Mohamed_ElBaradei_0005.jpg,Mohamed_ElBaradei
Mohamed_ElBaradei_0005.jpg,Mohamed_ElBaradei
Mohamed_ElBaradei_0008.jpg,Mohamed_ElBaradei
Monica_Lewinsky_0002.jpg,Monica_Lewinsky
Monica_Lewinsky_0003.jpg,Monica_Lewinsky
Muhammad_Ali_0004.jpg,Muhammad_Ali
Muhammad_Ali_0007.jpg,Muhammad_Ali
Muhammad_Ali_0006.jpg,Muhammad_Ali
Muhammad_Ali_0009.jpg,Muhammad_Ali
Nancy_Pelosi_0002.jpg,Nancy_Pelosi
Nancy_Pelosi_0005.jpg,Nancy_Pelosi
Nancy_Pelosi_0006.jpg,Nancy_Pelosi
Nancy_Pelosi_0013.jpg,Nancy_Pelosi
Nancy_Pelosi_0013.jpg,Nancy_Pelosi
Nancy_Pelosi_0014.jpg,Nancy_Pelosi
Naomi_Campbell_0001.jpg,Naomi_Campbell
Naomi_Campbell_0002.jpg,Naomi_Campbell
Naoto_Kan_0002.jpg,Naoto_Kan
Naoto_Kan_0003.jpg,Naoto_Kan
Nasser_al-Kidwa_0001.jpg,Nasser_al-Kidwa
Nasser_al-Kidwa_0002.jpg,Nasser_al-Kidwa
Nastassia_Kinski_0001.jpg,Nastassia_Kinski
Nastassia_Kinski_0002.jpg,Nastassia_Kinski
Natalie_Coughlin_0001.jpg,Natalie_Coughlin
Natalie_Coughlin_0002.jpg,Natalie_Coughlin
Natalie_Coughlin_0003.jpg,Natalie_Coughlin
Natalie_Coughlin_0005.jpg,Natalie_Coughlin
Natalie_Maines_0002.jpg,Natalie_Maines
Natalie_Maines_0004.jpg,Natalie_Maines
Nicanor_Duarte_Frutos_0008.jpg,Nicanor_Duarte_Frutos
Nicanor_Duarte_Frutos_0010.jpg,Nicanor_Duarte_Frutos
Noah_Wyle_0001.jpg,Noah_Wyle
Noah_Wyle_0002.jpg,Noah_Wyle
Norm_Coleman_0002.jpg,Norm_Coleman
Norm_Coleman_0007.jpg,Norm_Coleman
Orrin_Hatch_0001.jpg,Orrin_Hatch
Orrin_Hatch_0002.jpg,Orrin_Hatch
Osama_bin_Laden_0002.jpg,Osama_bin_Laden
Osama_bin_Laden_0004.jpg,Osama_bin_Laden
Owen_Wilson_0001.jpg,Owen_Wilson
Owen_Wilson_0002.jpg,Owen_Wilson
Ozzy_Osbourne_0001.jpg,Ozzy_Osbourne
Ozzy_Osbourne_0002.jpg,Ozzy_Osbourne
Ozzy_Osbourne_0002.jpg,Ozzy_Osbourne
Ozzy_Osbourne_0003.jpg,Ozzy_Osbourne
Padraig_Harrington_0001.jpg,Padraig_Harrington
Padraig_Harrington_0003.jpg,Padraig_Harrington
Paris_Hilton_0001.jpg,Paris_Hilton
Paris_Hilton_0002.jpg,Paris_Hilton
Patrick_Leahy_0001.jpg,Patrick_Leahy
Patrick_Leahy_0002.jpg,Patrick_Leahy
Patti_Labelle_0001.jpg,Patti_Labelle
Patti_Labelle_0002.jpg,Patti_Labelle
Patti_Labelle_0002.jpg,Patti_Labelle
Patti_Labelle_0003.jpg,Patti_Labelle
Patty_Schnyder_0001.jpg,Patty_Schnyder
Patty_Schnyder_0003.jpg,Patty_Schnyder
Patty_Schnyder_0001.jpg,Patty_Schnyder
Patty_Schnyder_0004.jpg,Patty_Schnyder
Paul-Henri_Mathieu_0001.jpg,Paul-Henri_Mathieu
Paul-Henri_Mathieu_0002.jpg,Paul-Henri_Mathieu
Paul_Burrell_0004.jpg,Paul_Burrell
Paul_Burrell_0010.jpg,Paul_Burrell
Paul_Burrell_0005.jpg,Paul_Burrell
Paul_Burrell_0011.jpg,Paul_Burrell
Paul_Martin_0001.jpg,Paul_Martin
Paul_Martin_0008.jpg,Paul_Martin
Paul_Martin_0002.jpg,Paul_Martin
Paul_Martin_0004.jpg,Paul_Martin
Paul_Martin_0003.jpg,Paul_Martin
Paul_Martin_0006.jpg,Paul_Martin
Paul_Patton_0001.jpg,Paul_Patton
Paul_Patton_0002.jpg,Paul_Patton
Paul_Sarbanes_0002.jpg,Paul_Sarbanes
Paul_Sarbanes_0003.jpg,Paul_Sarbanes
Pedro_Malan_0001.jpg,Pedro_Malan
Pedro_Malan_0002.jpg,Pedro_Malan
Pedro_Malan_0001.jpg,Pedro_Malan
Pedro_Malan_0004.jpg,Pedro_Malan
Pedro_Malan_0002.jpg,Pedro_Malan
Pedro_Malan_0003.jpg,Pedro_Malan
Penelope_Cruz_0001.jpg,Penelope_Cruz
Penelope_Cruz_0002.jpg,Penelope_Cruz
Peter_Greenaway_0001.jpg,Peter_Greenaway
Peter_Greenaway_0002.jpg,Peter_Greenaway
Pierce_Brosnan_0004.jpg,Pierce_Brosnan
Pierce_Brosnan_0012.jpg,Pierce_Brosnan
Pierce_Brosnan_0007.jpg,Pierce_Brosnan
Pierce_Brosnan_0008.jpg,Pierce_Brosnan
Pierre_Boulanger_0001.jpg,Pierre_Boulanger
Pierre_Boulanger_0002.jpg,Pierre_Boulanger
Priscilla_Presley_0001.jpg,Priscilla_Presley
Priscilla_Presley_0002.jpg,Priscilla_Presley
Rachel_Griffiths_0001.jpg,Rachel_Griffiths
Rachel_Griffiths_0003.jpg,Rachel_Griffiths
Rachel_Hunter_0002.jpg,Rachel_Hunter
Rachel_Hunter_0003.jpg,Rachel_Hunter
Ralf_Schumacher_0001.jpg,Ralf_Schumacher
Ralf_Schumacher_0006.jpg,Ralf_Schumacher
Rebecca_Romijn-Stamos_0002.jpg,Rebecca_Romijn-Stamos
Rebecca_Romijn-Stamos_0004.jpg,Rebecca_Romijn-Stamos
Rebecca_Romijn-Stamos_0003.jpg,Rebecca_Romijn-Stamos
Rebecca_Romijn-Stamos_0004.jpg,Rebecca_Romijn-Stamos
Reese_Witherspoon_0001.jpg,Reese_Witherspoon
Reese_Witherspoon_0002.jpg,Reese_Witherspoon
Reese_Witherspoon_0001.jpg,Reese_Witherspoon
Reese_Witherspoon_0004.jpg,Reese_Witherspoon
Ricardo_Maduro_0001.jpg,Ricardo_Maduro
Ricardo_Maduro_0002.jpg,Ricardo_Maduro
Rich_Gannon_0001.jpg,Rich_Gannon
Rich_Gannon_0002.jpg,Rich_Gannon
Richard_Gere_0001.jpg,Richard_Gere
Richard_Gere_0010.jpg,Richard_Gere
Richard_Gere_0006.jpg,Richard_Gere
Richard_Gere_0010.jpg,Richard_Gere
Richard_Norton-Taylor_0001.jpg,Richard_Norton-Taylor
Richard_Norton-Taylor_0002.jpg,Richard_Norton-Taylor
Richard_Shelby_0001.jpg,Richard_Shelby
Richard_Shelby_0002.jpg,Richard_Shelby
Richie_Adubato_0001.jpg,Richie_Adubato
Richie_Adubato_0002.jpg,Richie_Adubato
Rick_Dinse_0001.jpg,Rick_Dinse
Rick_Dinse_0003.jpg,Rick_Dinse
Rick_Perry_0001.jpg,Rick_Perry
Rick_Perry_0002.jpg,Rick_Perry
Rick_Perry_0002.jpg,Rick_Perry
Rick_Perry_0006.jpg,Rick_Perry
Rick_Pitino_0001.jpg,Rick_Pitino
Rick_Pitino_0002.jpg,Rick_Pitino
Rick_Romley_0001.jpg,Rick_Romley
Rick_Romley_0002.jpg,Rick_Romley
Rick_Wagoner_0001.jpg,Rick_Wagoner
Rick_Wagoner_0002.jpg,Rick_Wagoner
Rob_Schneider_0001.jpg,Rob_Schneider
Rob_Schneider_0002.jpg,Rob_Schneider
Robbie_Fowler_0001.jpg,Robbie_Fowler
Robbie_Fowler_0002.jpg,Robbie_Fowler
Robby_Ginepri_0001.jpg,Robby_Ginepri
Robby_Ginepri_0002.jpg,Robby_Ginepri
Robert_Horan_0001.jpg,Robert_Horan
Robert_Horan_0002.jpg,Robert_Horan
Robert_Mueller_0001.jpg,Robert_Mueller
Robert_Mueller_0003.jpg,Robert_Mueller
Robert_Redford_0002.jpg,Robert_Redford
Robert_Redford_0003.jpg,Robert_Redford
Robert_Redford_0002.jpg,Robert_Redford
Robert_Redford_0005.jpg,Robert_Redford
Robert_Redford_0004.jpg,Robert_Redford
Robert_Redford_0007.jpg,Robert_Redford
Robert_Redford_0007.jpg,Robert_Redford
Robert_Redford_0008.jpg,Robert_Redford
Rod_Blagojevich_0001.jpg,Rod_Blagojevich
Rod_Blagojevich_0002.jpg,Rod_Blagojevich
Rod_Stewart_0001.jpg,Rod_Stewart
Rod_Stewart_0003.jpg,Rod_Stewart
Ronaldo_Luis_Nazario_de_Lima_0001.jpg,Ronaldo_Luis_Nazario_de_Lima
Ronaldo_Luis_Nazario_de_Lima_0004.jpg,Ronaldo_Luis_Nazario_de_Lima
Roy_Moore_0002.jpg,Roy_Moore
Roy_Moore_0003.jpg,Roy_Moore
Rupert_Grint_0002.jpg,Rupert_Grint
Rupert_Grint_0003.jpg,Rupert_Grint
Russell_Coutts_0001.jpg,Russell_Coutts
Russell_Coutts_0002.jpg,Russell_Coutts
Russell_Crowe_0001.jpg,Russell_Crowe
Russell_Crowe_0002.jpg,Russell_Crowe
Salma_Hayek_0001.jpg,Salma_Hayek
Salma_Hayek_0007.jpg,Salma_Hayek
Salma_Hayek_0008.jpg,Salma_Hayek
Salma_Hayek_0010.jpg,Salma_Hayek
Sarah_Jessica_Parker_0005.jpg,Sarah_Jessica_Parker
Sarah_Jessica_Parker_0006.jpg,Sarah_Jessica_Parker
Scott_McNealy_0001.jpg,Scott_McNealy
Scott_McNealy_0002.jpg,Scott_McNealy
Sean_Astin_0001.jpg,Sean_Astin
Sean_Astin_0002.jpg,Sean_Astin
Sean_OKeefe_0004.jpg,Sean_OKeefe
Sean_OKeefe_0005.jpg,Sean_OKeefe
Sean_Patrick_OMalley_0001.jpg,Sean_Patrick_OMalley
Sean_Patrick_OMalley_0002.jpg,Sean_Patrick_OMalley
Sean_Patrick_OMalley_0001.jpg,Sean_Patrick_OMalley
Sean_Patrick_OMalley_0003.jpg,Sean_Patrick_OMalley
Sean_Patrick_OMalley_0002.jpg,Sean_Patrick_OMalley
Sean_Patrick_OMalley_0003.jpg,Sean_Patrick_OMalley
Sean_Penn_0002.jpg,Sean_Penn
Sean_Penn_0003.jpg,Sean_Penn
Sergey_Lavrov_0001.jpg,Sergey_Lavrov
Sergey_Lavrov_0010.jpg,Sergey_Lavrov
Shane_Mosley_0001.jpg,Shane_Mosley
Shane_Mosley_0002.jpg,Shane_Mosley
Shannon_OBrien_0001.jpg,Shannon_OBrien
Shannon_OBrien_0002.jpg,Shannon_OBrien
Sheila_Wellstone_0001.jpg,Sheila_Wellstone
Sheila_Wellstone_0002.jpg,Sheila_Wellstone
Silvio_Berlusconi_0014.jpg,Silvio_Berlusconi
Silvio_Berlusconi_0023.jpg,Silvio_Berlusconi
Spencer_Abraham_0012.jpg,Spencer_Abraham
Spencer_Abraham_0013.jpg,Spencer_Abraham
Stan_Heath_0001.jpg,Stan_Heath
Stan_Heath_0002.jpg,Stan_Heath
Stefano_Accorsi_0001.jpg,Stefano_Accorsi
Stefano_Accorsi_0002.jpg,Stefano_Accorsi
Steve_Lavin_0001.jpg,Steve_Lavin
Steve_Lavin_0004.jpg,Steve_Lavin
Steven_Hatfill_0001.jpg,Steven_Hatfill
Steven_Hatfill_0002.jpg,Steven_Hatfill
Surakait_Sathirathai_0001.jpg,Surakait_Sathirathai
Surakait_Sathirathai_0002.jpg,Surakait_Sathirathai
Susan_Collins_0001.jpg,Susan_Collins
Susan_Collins_0002.jpg,Susan_Collins
Susie_Castillo_0001.jpg,Susie_Castillo
Susie_Castillo_0002.jpg,Susie_Castillo
Svetlana_Koroleva_0001.jpg,Svetlana_Koroleva
Svetlana_Koroleva_0002.jpg,Svetlana_Koroleva
Tammy_Lynn_Michaels_0001.jpg,Tammy_Lynn_Michaels
Tammy_Lynn_Michaels_0002.jpg,Tammy_Lynn_Michaels
Tang_Jiaxuan_0001.jpg,Tang_Jiaxuan
Tang_Jiaxuan_0006.jpg,Tang_Jiaxuan
Tang_Jiaxuan_0001.jpg,Tang_Jiaxuan
Tang_Jiaxuan_0009.jpg,Tang_Jiaxuan
Tang_Jiaxuan_0001.jpg,Tang_Jiaxuan
Tang_Jiaxuan_0010.jpg,Tang_Jiaxuan
Tang_Jiaxuan_0001.jpg,Tang_Jiaxuan
Tang_Jiaxuan_0011.jpg,Tang_Jiaxuan
Tassos_Papadopoulos_0001.jpg,Tassos_Papadopoulos
Tassos_Papadopoulos_0002.jpg,Tassos_Papadopoulos
Terry_McAuliffe_0001.jpg,Terry_McAuliffe
Terry_McAuliffe_0002.jpg,Terry_McAuliffe
Terry_McAuliffe_0001.jpg,Terry_McAuliffe
Terry_McAuliffe_0003.jpg,Terry_McAuliffe
Thabo_Mbeki_0004.jpg,Thabo_Mbeki
Thabo_Mbeki_0005.jpg,Thabo_Mbeki
Thaksin_Shinawatra_0001.jpg,Thaksin_Shinawatra
Thaksin_Shinawatra_0006.jpg,Thaksin_Shinawatra
Thaksin_Shinawatra_0003.jpg,Thaksin_Shinawatra
Thaksin_Shinawatra_0006.jpg,Thaksin_Shinawatra
Theodore_Tweed_Roosevelt_0002.jpg,Theodore_Tweed_Roosevelt
Theodore_Tweed_Roosevelt_0003.jpg,Theodore_Tweed_Roosevelt
Thomas_OBrien_0008.jpg,Thomas_OBrien
Thomas_OBrien_0009.jpg,Thomas_OBrien
Tim_Allen_0001.jpg,Tim_Allen
Tim_Allen_0002.jpg,Tim_Allen
Tim_Allen_0002.jpg,Tim_Allen
Tim_Allen_0004.jpg,Tim_Allen
Tim_Curry_0001.jpg,Tim_Curry
Tim_Curry_0002.jpg,Tim_Curry
Tippi_Hedren_0001.jpg,Tippi_Hedren
Tippi_Hedren_0002.jpg,Tippi_Hedren
Todd_Haynes_0001.jpg,Todd_Haynes
Todd_Haynes_0003.jpg,Todd_Haynes
Todd_Haynes_0001.jpg,Todd_Haynes
Todd_Haynes_0004.jpg,Todd_Haynes
Tom_Coverdale_0001.jpg,Tom_Coverdale
Tom_Coverdale_0002.jpg,Tom_Coverdale
Tom_Cruise_0001.jpg,Tom_Cruise
Tom_Cruise_0007.jpg,Tom_Cruise
Tom_Cruise_0002.jpg,Tom_Cruise
Tom_Cruise_0004.jpg,Tom_Cruise
Tom_Cruise_0004.jpg,Tom_Cruise
Tom_Cruise_0009.jpg,Tom_Cruise
Tommy_Haas_0002.jpg,Tommy_Haas
Tommy_Haas_0003.jpg,Tommy_Haas
Tomoko_Hagiwara_0001.jpg,Tomoko_Hagiwara
Tomoko_Hagiwara_0002.jpg,Tomoko_Hagiwara
Tony_Shalhoub_0001.jpg,Tony_Shalhoub
Tony_Shalhoub_0003.jpg,Tony_Shalhoub
Tony_Shalhoub_0001.jpg,Tony_Shalhoub
Tony_Shalhoub_0004.jpg,Tony_Shalhoub
Tracee_Ellis_Ross_0001.jpg,Tracee_Ellis_Ross
Tracee_Ellis_Ross_0002.jpg,Tracee_Ellis_Ross
Tyler_Hamilton_0001.jpg,Tyler_Hamilton
Tyler_Hamilton_0002.jpg,Tyler_Hamilton
Vaclav_Havel_0001.jpg,Vaclav_Havel
Vaclav_Havel_0006.jpg,Vaclav_Havel
Vaclav_Havel_0001.jpg,Vaclav_Havel
Vaclav_Havel_0009.jpg,Vaclav_Havel
Vicente_Fernandez_0002.jpg,Vicente_Fernandez
Vicente_Fernandez_0005.jpg,Vicente_Fernandez
Vicente_Fernandez_0004.jpg,Vicente_Fernandez
Vicente_Fernandez_0005.jpg,Vicente_Fernandez
Victoria_Beckham_0002.jpg,Victoria_Beckham
Victoria_Beckham_0003.jpg,Victoria_Beckham
Vincent_Brooks_0001.jpg,Vincent_Brooks
Vincent_Brooks_0002.jpg,Vincent_Brooks
Vincent_Brooks_0002.jpg,Vincent_Brooks
Vincent_Brooks_0006.jpg,Vincent_Brooks
Warren_Beatty_0001.jpg,Warren_Beatty
Warren_Beatty_0002.jpg,Warren_Beatty
Warren_Buffett_0001.jpg,Warren_Buffett
Warren_Buffett_0003.jpg,Warren_Buffett
Wesley_Clark_0001.jpg,Wesley_Clark
Wesley_Clark_0002.jpg,Wesley_Clark
Will_Smith_0001.jpg,Will_Smith
Will_Smith_0002.jpg,Will_Smith
William_Burns_0001.jpg,William_Burns
William_Burns_0002.jpg,William_Burns
William_Macy_0001.jpg,William_Macy
William_Macy_0004.jpg,William_Macy
William_Macy_0002.jpg,William_Macy
William_Macy_0003.jpg,William_Macy
William_Macy_0003.jpg,William_Macy
William_Macy_0005.jpg,William_Macy
William_Rehnquist_0001.jpg,William_Rehnquist
William_Rehnquist_0002.jpg,William_Rehnquist
Winona_Ryder_0006.jpg,Winona_Ryder
Winona_Ryder_0015.jpg,Winona_Ryder
Winona_Ryder_0019.jpg,Winona_Ryder
Winona_Ryder_0021.jpg,Winona_Ryder
Yevgeny_Kafelnikov_0003.jpg,Yevgeny_Kafelnikov
Yevgeny_Kafelnikov_0004.jpg,Yevgeny_Kafelnikov
Yoriko_Kawaguchi_0003.jpg,Yoriko_Kawaguchi
Yoriko_Kawaguchi_0010.jpg,Yoriko_Kawaguchi
Zoran_Djindjic_0003.jpg,Zoran_Djindjic
Zoran_Djindjic_0004.jpg,Zoran_Djindjic
AJ_Lamas_0001.jpg,AJ_Lamas
Zach_Safrin_0001.jpg,Zach_Safrin
Aaron_Guiel_0001.jpg,Aaron_Guiel
Reese_Witherspoon_0003.jpg,Reese_Witherspoon
Aaron_Tippin_0001.jpg,Aaron_Tippin
Jose_Luis_Rodriguez_Zapatero_0001.jpg,Jose_Luis_Rodriguez_Zapatero
Abdul_Majeed_Shobokshi_0001.jpg,Abdul_Majeed_Shobokshi
Charles_Cope_0001.jpg,Charles_Cope
Abdullah_Gul_0016.jpg,Abdullah_Gul
Steve_Cox_0001.jpg,Steve_Cox
Abid_Hamid_Mahmud_Al-Tikriti_0001.jpg,Abid_Hamid_Mahmud_Al-Tikriti
Eli_Broad_0001.jpg,Eli_Broad
Adam_Kennedy_0001.jpg,Adam_Kennedy
Amelie_Mauresmo_0019.jpg,Amelie_Mauresmo
Adel_Al-Jubeir_0001.jpg,Adel_Al-Jubeir
Elisabeth_Welch_0001.jpg,Elisabeth_Welch
Adrian_Murrell_0001.jpg,Adrian_Murrell
Tommy_Franks_0015.jpg,Tommy_Franks
Adriana_Lima_0001.jpg,Adriana_Lima
Terrence_Trammell_0001.jpg,Terrence_Trammell
Adriana_Perez_Navarro_0001.jpg,Adriana_Perez_Navarro
Jennifer_Capriati_0008.jpg,Jennifer_Capriati
Agbani_Darego_0001.jpg,Agbani_Darego
Malik_Mahmud_0001.jpg,Malik_Mahmud
Ahmed_Ghazi_0001.jpg,Ahmed_Ghazi
Henry_Suazo_0001.jpg,Henry_Suazo
Aileen_Riggin_Soule_0001.jpg,Aileen_Riggin_Soule
Damarius_Bilbo_0001.jpg,Damarius_Bilbo
Ain_Seppik_0001.jpg,Ain_Seppik
Donald_Regan_0001.jpg,Donald_Regan
Aitor_Gonzalez_0001.jpg,Aitor_Gonzalez
Lily_Tomlin_0002.jpg,Lily_Tomlin
Al_Cardenas_0001.jpg,Al_Cardenas
Mary_Landrieu_0003.jpg,Mary_Landrieu
Al_Davis_0002.jpg,Al_Davis
Dennis_Powell_0001.jpg,Dennis_Powell
Al_Pacino_0001.jpg,Al_Pacino
Izzat_Ibrahim_0001.jpg,Izzat_Ibrahim
Aleksander_Voloshin_0001.jpg,Aleksander_Voloshin
Ashlea_Talbot_0001.jpg,Ashlea_Talbot
Alex_Cabrera_0001.jpg,Alex_Cabrera
Richard_Carl_0001.jpg,Richard_Carl
Alex_Corretja_0001.jpg,Alex_Corretja
Newt_Gingrich_0001.jpg,Newt_Gingrich
Alex_Corretja_0001.jpg,Alex_Corretja
Tippi_Hedren_0002.jpg,Tippi_Hedren
Alexandra_Rozovskaya_0001.jpg,Alexandra_Rozovskaya
Don_King_0001.jpg,Don_King
Ali_Fallahian_0001.jpg,Ali_Fallahian
Mohammed_Abulhasan_0001.jpg,Mohammed_Abulhasan
Ali_Naimi_0008.jpg,Ali_Naimi
Vanessa_Laine_0001.jpg,Vanessa_Laine
Alicia_Keys_0001.jpg,Alicia_Keys
Giannina_Facio_0001.jpg,Giannina_Facio
Alicia_Molik_0001.jpg,Alicia_Molik
Lena_Katina_0001.jpg,Lena_Katina
Aline_Chretien_0001.jpg,Aline_Chretien
Carlos_Iturgaitz_0001.jpg,Carlos_Iturgaitz
Alisha_Richman_0001.jpg,Alisha_Richman
Spencer_Abraham_0009.jpg,Spencer_Abraham
Allison_Searing_0001.jpg,Allison_Searing
Amy_Gale_0001.jpg,Amy_Gale
Allison_Searing_0001.jpg,Allison_Searing
Mark_Martin_0001.jpg,Mark_Martin
Allison_Searing_0001.jpg,Allison_Searing
Phillip_Fulmer_0001.jpg,Phillip_Fulmer
Allison_Searing_0001.jpg,Allison_Searing
Warren_Beatty_0001.jpg,Warren_Beatty
Amanda_Marsh_0001.jpg,Amanda_Marsh
Howard_Smith_0002.jpg,Howard_Smith
Amanda_Marsh_0001.jpg,Amanda_Marsh
Svetlana_Koroleva_0002.jpg,Svetlana_Koroleva
Amelie_Mauresmo_0006.jpg,Amelie_Mauresmo
Terri_Clark_0001.jpg,Terri_Clark
Amporn_Falise_0001.jpg,Amporn_Falise
Christiane_Wulff_0001.jpg,Christiane_Wulff
Amporn_Falise_0001.jpg,Amporn_Falise
Liza_Minnelli_0002.jpg,Liza_Minnelli
Amporn_Falise_0001.jpg,Amporn_Falise
Zhang_Yimou_0001.jpg,Zhang_Yimou
Amy_Gale_0001.jpg,Amy_Gale
Frank_Murkowski_0001.jpg,Frank_Murkowski
Ana_Palacio_0005.jpg,Ana_Palacio
Erika_Christensen_0002.jpg,Erika_Christensen
Ana_Palacio_0006.jpg,Ana_Palacio
Robert_Gordon_Card_0001.jpg,Robert_Gordon_Card
Andrew_Caldecott_0001.jpg,Andrew_Caldecott
Joe_Strummer_0001.jpg,Joe_Strummer
Andrew_Shutley_0001.jpg,Andrew_Shutley
Charles_Taylor_0007.jpg,Charles_Taylor
Andrew_Wetzler_0001.jpg,Andrew_Wetzler
Cristina_Torrens_Valero_0001.jpg,Cristina_Torrens_Valero
Angela_Mascia-Frye_0001.jpg,Angela_Mascia-Frye
Derrick_Taylor_0001.jpg,Derrick_Taylor
Ann_Godbehere_0001.jpg,Ann_Godbehere
Paul_Newman_0001.jpg,Paul_Newman
Ann_Godbehere_0001.jpg,Ann_Godbehere
Tatiana_Kennedy_Schlossberg_0001.jpg,Tatiana_Kennedy_Schlossberg
Anna_Chicherova_0001.jpg,Anna_Chicherova
Bob_Iger_0001.jpg,Bob_Iger
Anna_Nicole_Smith_0001.jpg,Anna_Nicole_Smith
Tony_Shalhoub_0004.jpg,Tony_Shalhoub
Anne_Krueger_0003.jpg,Anne_Krueger
Lucrecia_Orozco_0001.jpg,Lucrecia_Orozco
Anne_McLellan_0002.jpg,Anne_McLellan
Richard_Penniman_0001.jpg,Richard_Penniman
Anne_McLellan_0002.jpg,Anne_McLellan
Roman_Tam_0001.jpg,Roman_Tam
Annette_Lu_0001.jpg,Annette_Lu
Scott_Fawell_0001.jpg,Scott_Fawell
Annette_Lu_0001.jpg,Annette_Lu
Svetlana_Belousova_0001.jpg,Svetlana_Belousova
Annie_Chaplin_0001.jpg,Annie_Chaplin
Gloria_Gaynor_0001.jpg,Gloria_Gaynor
Annie_Chaplin_0001.jpg,Annie_Chaplin
Ion_Tiriac_0001.jpg,Ion_Tiriac
Annie_Chaplin_0001.jpg,Annie_Chaplin
Michael_Keaton_0001.jpg,Michael_Keaton
Antonio_Palocci_0004.jpg,Antonio_Palocci
Donald_Regan_0001.jpg,Donald_Regan
Aretha_Franklin_0001.jpg,Aretha_Franklin
Marc_Racicot_0001.jpg,Marc_Racicot
Armando_Avila_Panchame_0001.jpg,Armando_Avila_Panchame
Hamza_Atiya_Muhsen_0001.jpg,Hamza_Atiya_Muhsen
Armando_Avila_Panchame_0001.jpg,Armando_Avila_Panchame
Hana_Urushima_0001.jpg,Hana_Urushima
Arthur_Johnson_0001.jpg,Arthur_Johnson
Steve_Pagliuca_0001.jpg,Steve_Pagliuca
Ascencion_Barajas_0001.jpg,Ascencion_Barajas
Marissa_Jaret_Winokur_0002.jpg,Marissa_Jaret_Winokur
Ashlea_Talbot_0001.jpg,Ashlea_Talbot
Sean_Patrick_Thomas_0001.jpg,Sean_Patrick_Thomas
Ashley_Judd_0001.jpg,Ashley_Judd
Pat_Burns_0001.jpg,Pat_Burns
Asif_Ali_Zardari_0001.jpg,Asif_Ali_Zardari
Cristina_Torrens_Valero_0001.jpg,Cristina_Torrens_Valero
Assad_Ahmadi_0001.jpg,Assad_Ahmadi
Jose_Cevallos_0001.jpg,Jose_Cevallos
Astou_Ndiaye-Diatta_0001.jpg,Astou_Ndiaye-Diatta
Scott_Yates_0001.jpg,Scott_Yates
Augustin_Calleri_0004.jpg,Augustin_Calleri
Brad_Miller_0001.jpg,Brad_Miller
Augustin_Calleri_0004.jpg,Augustin_Calleri
John_Jones_0001.jpg,John_Jones
Babe_Ruth_0001.jpg,Babe_Ruth
Joshua_Perper_0001.jpg,Joshua_Perper
Barbara_Bach_0001.jpg,Barbara_Bach
Eli_Rosenbaum_0001.jpg,Eli_Rosenbaum
Barbara_Becker_0001.jpg,Barbara_Becker
Gerhard_Boekel_0001.jpg,Gerhard_Boekel
Barbara_Roberts_0001.jpg,Barbara_Roberts
Kirsten_Clark_0001.jpg,Kirsten_Clark
Barry_Williams_0001.jpg,Barry_Williams
Richard_Langille_0001.jpg,Richard_Langille
Barzan_al-Tikriti_0001.jpg,Barzan_al-Tikriti
Jim_Haslett_0001.jpg,Jim_Haslett
Beecher_Ray_Kirby_0001.jpg,Beecher_Ray_Kirby
Hashan_Tillakaratne_0001.jpg,Hashan_Tillakaratne
Begum_Khaleda_Zia_0001.jpg,Begum_Khaleda_Zia
Jesse_Jackson_0005.jpg,Jesse_Jackson
Ben_Cohen_0001.jpg,Ben_Cohen
Roger_Etchegaray_0001.jpg,Roger_Etchegaray
Ben_Cohen_0001.jpg,Ben_Cohen
Zach_Parise_0001.jpg,Zach_Parise
Benjamin_McKenzie_0001.jpg,Benjamin_McKenzie
Lisa_Leslie_0001.jpg,Lisa_Leslie
Betsy_Coffin_0001.jpg,Betsy_Coffin
Gerard_Tronche_0001.jpg,Gerard_Tronche
Bill_Carmody_0001.jpg,Bill_Carmody
Michael_Sheehan_0001.jpg,Michael_Sheehan
Bill_Carmody_0001.jpg,Bill_Carmody
Tippi_Hedren_0001.jpg,Tippi_Hedren
Bill_Curry_0001.jpg,Bill_Curry
Candice_Bergen_0001.jpg,Candice_Bergen
Bill_Frist_0002.jpg,Bill_Frist
Malcolm_Wild_0001.jpg,Malcolm_Wild
Bill_Frist_0004.jpg,Bill_Frist
Donald_Pettit_0002.jpg,Donald_Pettit
Bill_Kollar_0001.jpg,Bill_Kollar
Phillip_Seymor_Hoffmann_0001.jpg,Phillip_Seymor_Hoffmann
Bill_McBride_0008.jpg,Bill_McBride
John_Rowland_0001.jpg,John_Rowland
Bill_Sizemore_0001.jpg,Bill_Sizemore
Calista_Flockhart_0003.jpg,Calista_Flockhart
Billy_Boyd_0001.jpg,Billy_Boyd
Liza_Minnelli_0003.jpg,Liza_Minnelli
Billy_Boyd_0001.jpg,Billy_Boyd
Robin_Williams_0001.jpg,Robin_Williams
Bing_Crosby_0001.jpg,Bing_Crosby
Eric_Bana_0001.jpg,Eric_Bana
Bing_Crosby_0001.jpg,Bing_Crosby
John_Moxley_0001.jpg,John_Moxley
Bing_Crosby_0001.jpg,Bing_Crosby
Leonid_Kuchma_0005.jpg,Leonid_Kuchma
Bob_Iger_0001.jpg,Bob_Iger
Brian_Cowen_0001.jpg,Brian_Cowen
Bob_Iger_0001.jpg,Bob_Iger
Steve_Lavin_0006.jpg,Steve_Lavin
Bob_Newhart_0001.jpg,Bob_Newhart
Marina_Canetti_0001.jpg,Marina_Canetti
Bob_Riley_0001.jpg,Bob_Riley
Jim_Harrick_0001.jpg,Jim_Harrick
Bono_0001.jpg,Bono
Chen_Shui-bian_0002.jpg,Chen_Shui-bian
Bono_0002.jpg,Bono
Se_Hyuk_Joo_0001.jpg,Se_Hyuk_Joo
Brad_Miller_0001.jpg,Brad_Miller
Chris_Noth_0001.jpg,Chris_Noth
Brandon_Larson_0001.jpg,Brandon_Larson
James_Williams_0001.jpg,James_Williams
Brandon_Lloyd_0001.jpg,Brandon_Lloyd
Zach_Parise_0001.jpg,Zach_Parise
Brandon_Robinson_0001.jpg,Brandon_Robinson
Mitchell_Garabedian_0001.jpg,Mitchell_Garabedian
Brandon_Webb_0001.jpg,Brandon_Webb
Teddy_Kollek_0001.jpg,Teddy_Kollek
Brian_Cowen_0002.jpg,Brian_Cowen
Dave_Johnson_0001.jpg,Dave_Johnson
Brian_Griese_0001.jpg,Brian_Griese
Jennie_Garth_0001.jpg,Jennie_Garth
Brock_Berlin_0001.jpg,Brock_Berlin
Wendy_Selig_0001.jpg,Wendy_Selig
Brooke_Adams_0001.jpg,Brooke_Adams
Gilberto_Rodriguez_Orejuela_0002.jpg,Gilberto_Rodriguez_Orejuela
Brooke_Adams_0001.jpg,Brooke_Adams
Hussam_Mohammed_Amin_0001.jpg,Hussam_Mohammed_Amin
Bruce_Willis_0001.jpg,Bruce_Willis
Heather_Mills_0002.jpg,Heather_Mills
Buddy_Ryan_0001.jpg,Buddy_Ryan
Laurel_Clark_0001.jpg,Laurel_Clark
Buddy_Ryan_0001.jpg,Buddy_Ryan
Roy_Romanow_0001.jpg,Roy_Romanow
Calvin_Joseph_Coleman_0001.jpg,Calvin_Joseph_Coleman
Ekaterina_Dmitriev_0001.jpg,Ekaterina_Dmitriev
Calvin_Joseph_Coleman_0001.jpg,Calvin_Joseph_Coleman
Victor_Garber_0001.jpg,Victor_Garber
Camilla_Parker_Bowles_0002.jpg,Camilla_Parker_Bowles
Mary_Matalin_0001.jpg,Mary_Matalin
Camille_Lewis_0001.jpg,Camille_Lewis
Keith_Lockhart_0001.jpg,Keith_Lockhart
Camille_Lewis_0001.jpg,Camille_Lewis
Melissa_Etheridge_0001.jpg,Melissa_Etheridge
Candice_Bergen_0001.jpg,Candice_Bergen
Masum_Turker_0002.jpg,Masum_Turker
Candice_Bergen_0002.jpg,Candice_Bergen
Jake_Gyllenhaal_0002.jpg,Jake_Gyllenhaal
Candice_Bergen_0002.jpg,Candice_Bergen
Prospero_Pichay_0001.jpg,Prospero_Pichay
Carey_Lowell_0001.jpg,Carey_Lowell
Helio_Castroneves_0001.jpg,Helio_Castroneves
Carey_Lowell_0001.jpg,Carey_Lowell
Joshua_Harapko_0001.jpg,Joshua_Harapko
Carlo_Ancelotti_0001.jpg,Carlo_Ancelotti
Hugh_Miller_0001.jpg,Hugh_Miller
Carlos_Beltran_0001.jpg,Carlos_Beltran
Shoshannah_Stern_0001.jpg,Shoshannah_Stern
Carlos_Ghosn_0001.jpg,Carlos_Ghosn
Renee_Zellweger_0011.jpg,Renee_Zellweger
Carlos_Iturgaitz_0001.jpg,Carlos_Iturgaitz
Francisco_Maturana_0001.jpg,Francisco_Maturana
Carlos_Manuel_Pruneda_0001.jpg,Carlos_Manuel_Pruneda
Claudia_Coslovich_0001.jpg,Claudia_Coslovich
Carly_Gullickson_0001.jpg,Carly_Gullickson
Mike_Helton_0002.jpg,Mike_Helton
Caroline_Dhavernas_0001.jpg,Caroline_Dhavernas
James_Smith_0001.jpg,James_Smith
Carrie-Anne_Moss_0004.jpg,Carrie-Anne_Moss
Mike_Richter_0001.jpg,Mike_Richter
Carson_Daly_0001.jpg,Carson_Daly
Matthew_During_0001.jpg,Matthew_During
Casey_Crowder_0001.jpg,Casey_Crowder
Joe_Nichols_0001.jpg,Joe_Nichols
Casey_Crowder_0001.jpg,Casey_Crowder
Laszlo_Kovacs_0001.jpg,Laszlo_Kovacs
Cecilia_Chang_0001.jpg,Cecilia_Chang
Jeffery_Hendren_0001.jpg,Jeffery_Hendren
Cecilia_Cheung_0001.jpg,Cecilia_Cheung
Kirsten_Clark_0001.jpg,Kirsten_Clark
Cecilia_Cheung_0001.jpg,Cecilia_Cheung
Simon_Chalk_0001.jpg,Simon_Chalk
Cedric_Benson_0001.jpg,Cedric_Benson
Greg_Hodge_0001.jpg,Greg_Hodge
Cesar_Maia_0002.jpg,Cesar_Maia
Karin_Viard_0001.jpg,Karin_Viard
Chang_Jae_On_0001.jpg,Chang_Jae_On
Oracene_Williams_0001.jpg,Oracene_Williams
Chante_Jawan_Mallard_0001.jpg,Chante_Jawan_Mallard
Muhammad_Ali_0005.jpg,Muhammad_Ali
Charla_Moye_0001.jpg,Charla_Moye
Joe_Mantegna_0001.jpg,Joe_Mantegna
Charla_Moye_0001.jpg,Charla_Moye
Robert_Nillson_0001.jpg,Robert_Nillson
Charles_Cope_0001.jpg,Charles_Cope
John_Franco_0001.jpg,John_Franco
Charley_Armey_0001.jpg,Charley_Armey
Jose_Cevallos_0001.jpg,Jose_Cevallos
Charlie_Sheen_0001.jpg,Charlie_Sheen
Deece_Eckstein_0001.jpg,Deece_Eckstein
Charlie_Sheen_0001.jpg,Charlie_Sheen
Janice_Goldfinger_0001.jpg,Janice_Goldfinger
Charlie_Zaa_0002.jpg,Charlie_Zaa
William_Harrison_0001.jpg,William_Harrison
Charmaine_Crooks_0001.jpg,Charmaine_Crooks
Esad_Landzo_0001.jpg,Esad_Landzo
Charmaine_Crooks_0001.jpg,Charmaine_Crooks
Shigeru_Ishiba_0001.jpg,Shigeru_Ishiba
Chawki_Armali_0001.jpg,Chawki_Armali
Hilmi_Akin_Zorlu_0001.jpg,Hilmi_Akin_Zorlu
Chea_Sophara_0001.jpg,Chea_Sophara
Muhammad_Ali_0006.jpg,Muhammad_Ali
Chen_Shui-bian_0002.jpg,Chen_Shui-bian
Simon_Cowell_0001.jpg,Simon_Cowell
Chen_Shui-bian_0002.jpg,Chen_Shui-bian
William_Nessen_0001.jpg,William_Nessen
Chen_Shui-bian_0003.jpg,Chen_Shui-bian
Elizabeth_Smart_0001.jpg,Elizabeth_Smart
Chita_Rivera_0002.jpg,Chita_Rivera
Jose_Luis_Chilavert_0001.jpg,Jose_Luis_Chilavert
Chris_Andrews_0001.jpg,Chris_Andrews
Claire_De_Gryse_0001.jpg,Claire_De_Gryse
Chris_Andrews_0001.jpg,Chris_Andrews
Elinor_Caplan_0002.jpg,Elinor_Caplan
Chris_Byrd_0001.jpg,Chris_Byrd
David_Alpay_0001.jpg,David_Alpay
Chris_Byrd_0001.jpg,Chris_Byrd
Lawrence_Di_Rita_0001.jpg,Lawrence_Di_Rita
Chris_Noth_0001.jpg,Chris_Noth
Frank_Sinatra_0001.jpg,Frank_Sinatra
Christian_Longo_0002.jpg,Christian_Longo
Dustan_Mohr_0001.jpg,Dustan_Mohr
Christiane_Wulff_0001.jpg,Christiane_Wulff
Paul_Schrader_0001.jpg,Paul_Schrader
Christine_Ebersole_0002.jpg,Christine_Ebersole
Vincent_Cianci_Jr_0001.jpg,Vincent_Cianci_Jr
Christine_Todd_Whitman_0002.jpg,Christine_Todd_Whitman
Peter_Rasch_0001.jpg,Peter_Rasch
Christine_Todd_Whitman_0005.jpg,Christine_Todd_Whitman
Neil_Goldman_0001.jpg,Neil_Goldman
Christopher_Russell_0001.jpg,Christopher_Russell
Rosario_Dawson_0001.jpg,Rosario_Dawson
Cindy_Taylor_0001.jpg,Cindy_Taylor
Melissa_Joan_Hart_0001.jpg,Melissa_Joan_Hart
Claire_Danes_0001.jpg,Claire_Danes
Mitchell_Potter_0001.jpg,Mitchell_Potter
Claire_De_Gryse_0001.jpg,Claire_De_Gryse
Jim_Parque_0001.jpg,Jim_Parque
Claire_De_Gryse_0001.jpg,Claire_De_Gryse
Soenarno_0001.jpg,Soenarno
Claire_Leger_0002.jpg,Claire_Leger
Elin_Nordegren_0002.jpg,Elin_Nordegren
Coleen_Rowley_0001.jpg,Coleen_Rowley
Courtney_Love_0001.jpg,Courtney_Love
Colin_Campbell_0001.jpg,Colin_Campbell
Matt_Walters_0001.jpg,Matt_Walters
Colleen_OClair_0001.jpg,Colleen_OClair
Kim_Hong-gul_0001.jpg,Kim_Hong-gul
Colleen_Ryan_0001.jpg,Colleen_Ryan
Noah_Wyle_0002.jpg,Noah_Wyle
Conchita_Martinez_0001.jpg,Conchita_Martinez
Moby_0001.jpg,Moby
Cora_Cambell_0001.jpg,Cora_Cambell
Todd_Petit_0001.jpg,Todd_Petit
Courtney_Love_0001.jpg,Courtney_Love
Tsutomu_Takebe_0001.jpg,Tsutomu_Takebe
Cristina_Torrens_Valero_0001.jpg,Cristina_Torrens_Valero
Damarius_Bilbo_0001.jpg,Damarius_Bilbo
Cristina_Torrens_Valero_0001.jpg,Cristina_Torrens_Valero
Etta_James_0001.jpg,Etta_James
Damarius_Bilbo_0001.jpg,Damarius_Bilbo
Janis_Ruth_Coulter_0001.jpg,Janis_Ruth_Coulter
Damarius_Bilbo_0001.jpg,Damarius_Bilbo
Sheila_Taormina_0001.jpg,Sheila_Taormina
Dan_Ackroyd_0001.jpg,Dan_Ackroyd
Nikki_Teasley_0001.jpg,Nikki_Teasley
Dan_Bylsma_0001.jpg,Dan_Bylsma
Jim_Parque_0001.jpg,Jim_Parque
Dan_Bylsma_0001.jpg,Dan_Bylsma
Scott_Yates_0001.jpg,Scott_Yates
Daniel_Comisso_Urdaneta_0001.jpg,Daniel_Comisso_Urdaneta
Jean-Marc_de_La_Sabliere_0001.jpg,Jean-Marc_de_La_Sabliere
Daniel_Montgomery_0001.jpg,Daniel_Montgomery
Hassan_Wirajuda_0001.jpg,Hassan_Wirajuda
Daniel_Zelman_0001.jpg,Daniel_Zelman
David_Surrett_0001.jpg,David_Surrett
Daniele_Nardello_0001.jpg,Daniele_Nardello
Peter_Hartz_0001.jpg,Peter_Hartz
Dariusz_Michalczewski_0001.jpg,Dariusz_Michalczewski
Julien_Boutter_0001.jpg,Julien_Boutter
Darvis_Patton_0001.jpg,Darvis_Patton
Estelle_Morris_0001.jpg,Estelle_Morris
Darvis_Patton_0001.jpg,Darvis_Patton
Gordon_Lightfoot_0001.jpg,Gordon_Lightfoot
Darvis_Patton_0001.jpg,Darvis_Patton
Tammy_Lynn_Michaels_0001.jpg,Tammy_Lynn_Michaels
Dave_Johnson_0001.jpg,Dave_Johnson
Hank_Aaron_0001.jpg,Hank_Aaron
David_Braley_0001.jpg,David_Braley
Gerard_Tronche_0001.jpg,Gerard_Tronche
David_Kelley_0001.jpg,David_Kelley
Gerald_Calabrese_0001.jpg,Gerald_Calabrese
David_Shayler_0001.jpg,David_Shayler
Peter_Mullan_0001.jpg,Peter_Mullan
David_Surrett_0001.jpg,David_Surrett
Oracene_Williams_0001.jpg,Oracene_Williams
Dean_Sheremet_0001.jpg,Dean_Sheremet
Marc_Racicot_0001.jpg,Marc_Racicot
Denise_van_Outen_0001.jpg,Denise_van_Outen
Kevin_Satterfield_0001.jpg,Kevin_Satterfield
Dennis_Kozlowski_0002.jpg,Dennis_Kozlowski
James_Ivory_0001.jpg,James_Ivory
Dennis_Kozlowski_0002.jpg,Dennis_Kozlowski
Regina_Ip_0001.jpg,Regina_Ip
Dennis_Kozlowski_0002.jpg,Dennis_Kozlowski
Wendy_Selig_0001.jpg,Wendy_Selig
Denzel_Washington_0004.jpg,Denzel_Washington
Sung_Hong_Choi_0001.jpg,Sung_Hong_Choi
Derrick_Battie_0001.jpg,Derrick_Battie
Lisa_Leslie_0001.jpg,Lisa_Leslie
Diane_Green_0001.jpg,Diane_Green
Ruth_Christofferson_0001.jpg,Ruth_Christofferson
Diane_Green_0001.jpg,Diane_Green
Tim_Salmon_0001.jpg,Tim_Salmon
Dick_Armey_0001.jpg,Dick_Armey
Tom_Glavine_0002.jpg,Tom_Glavine
Dirk_Kempthorne_0001.jpg,Dirk_Kempthorne
George_Tenet_0002.jpg,George_Tenet
Dominique_de_Villepin_0013.jpg,Dominique_de_Villepin
Hanns_Schumacher_0001.jpg,Hanns_Schumacher
Don_Carcieri_0001.jpg,Don_Carcieri
Jane_Rooney_0001.jpg,Jane_Rooney
Don_King_0001.jpg,Don_King
Philip_Zalewski_0001.jpg,Philip_Zalewski
Don_King_0001.jpg,Don_King
Tab_Baldwin_0001.jpg,Tab_Baldwin
Don_Lake_0001.jpg,Don_Lake
Elena_Dementieva_0001.jpg,Elena_Dementieva
Donald_Keck_0001.jpg,Donald_Keck
Julia_Ormond_0001.jpg,Julia_Ormond
Donald_Pettit_0003.jpg,Donald_Pettit
Michel_Kratochvil_0001.jpg,Michel_Kratochvil
Donald_Rumsfeld_0040.jpg,Donald_Rumsfeld
Tamika_Catchings_0001.jpg,Tamika_Catchings
Donna_Walker_0001.jpg,Donna_Walker
Phil_Bredesen_0001.jpg,Phil_Bredesen
Eddie_Sutton_0001.jpg,Eddie_Sutton
George_Maxwell_Richards_0001.jpg,George_Maxwell_Richards
Edith_Masai_0001.jpg,Edith_Masai
Idi_Amin_0001.jpg,Idi_Amin
Edward_Belvin_0001.jpg,Edward_Belvin
William_Harrison_0001.jpg,William_Harrison
Edward_Egan_0001.jpg,Edward_Egan
Jim_Abbott_0001.jpg,Jim_Abbott
Edward_James_Olmos_0001.jpg,Edward_James_Olmos
Jesse_Harris_0003.jpg,Jesse_Harris
Edward_Seaga_0001.jpg,Edward_Seaga
Fatmir_Limaj_0001.jpg,Fatmir_Limaj
Elaine_Chao_0001.jpg,Elaine_Chao
Wilbert_Elki_Meza_Majino_0001.jpg,Wilbert_Elki_Meza_Majino
Elena_Dementieva_0001.jpg,Elena_Dementieva
Wilton_Gregory_0001.jpg,Wilton_Gregory
Elin_Nordegren_0001.jpg,Elin_Nordegren
Fredric_Seaman_0001.jpg,Fredric_Seaman
Elin_Nordegren_0002.jpg,Elin_Nordegren
Ghassan_Elashi_0001.jpg,Ghassan_Elashi
Elinor_Caplan_0001.jpg,Elinor_Caplan
Henning_Scherf_0001.jpg,Henning_Scherf
Eliott_Spitzer_0001.jpg,Eliott_Spitzer
Jerry_Bruckheimer_0001.jpg,Jerry_Bruckheimer
Elisabeth_Welch_0001.jpg,Elisabeth_Welch
Francisco_Maturana_0001.jpg,Francisco_Maturana
Elizabeth_Regan_0001.jpg,Elizabeth_Regan
Pierre_Boulanger_0002.jpg,Pierre_Boulanger
Elliott_Mincberg_0001.jpg,Elliott_Mincberg
Gene_Orza_0001.jpg,Gene_Orza
Enrica_Fico_0001.jpg,Enrica_Fico
Erwin_Abdullah_0001.jpg,Erwin_Abdullah
Eric_Dubin_0001.jpg,Eric_Dubin
Yang_Pao-yu_0001.jpg,Yang_Pao-yu
Eric_Lindros_0001.jpg,Eric_Lindros
Melvin_Talbert_0001.jpg,Melvin_Talbert
Eric_Lindros_0001.jpg,Eric_Lindros
Sterling_Hitchcock_0001.jpg,Sterling_Hitchcock
Eric_Snow_0001.jpg,Eric_Snow
Robert_McKee_0001.jpg,Robert_McKee
Fabiola_Zuluaga_0001.jpg,Fabiola_Zuluaga
Rose_Linkins_0001.jpg,Rose_Linkins
Farouk_Kaddoumi_0001.jpg,Farouk_Kaddoumi
Gina_Gershon_0001.jpg,Gina_Gershon
Farouk_Kaddoumi_0001.jpg,Farouk_Kaddoumi
Will_Smith_0002.jpg,Will_Smith
Felipe_Perez_Roque_0002.jpg,Felipe_Perez_Roque
Lloyd_Ward_0002.jpg,Lloyd_Ward
Festus_Mogae_0001.jpg,Festus_Mogae
Neil_Moritz_0001.jpg,Neil_Moritz
Filip_De_Winter_0001.jpg,Filip_De_Winter
Stuart_Townsend_0001.jpg,Stuart_Townsend
Filip_De_Winter_0001.jpg,Filip_De_Winter
Sue_Grafton_0001.jpg,Sue_Grafton
Flavia_Pennetta_0001.jpg,Flavia_Pennetta
Mikulas_Dzurinda_0002.jpg,Mikulas_Dzurinda
Flor_Montulo_0001.jpg,Flor_Montulo
Steve_Blankenship_0001.jpg,Steve_Blankenship
Floyd_Mayweather_0001.jpg,Floyd_Mayweather
Lou_Lang_0001.jpg,Lou_Lang
Fran_Drescher_0002.jpg,Fran_Drescher
William_Martin_0001.jpg,William_Martin
Francis_Ricciardone_0001.jpg,Francis_Ricciardone
Gene_Sauers_0001.jpg,Gene_Sauers
Franco_Frattini_0001.jpg,Franco_Frattini
Gholamreza_Aghazadeh_0001.jpg,Gholamreza_Aghazadeh
Frank_Sinatra_0001.jpg,Frank_Sinatra
Vicente_Fox_0023.jpg,Vicente_Fox
Frank_Van_Ecke_0001.jpg,Frank_Van_Ecke
Gary_Gero_0001.jpg,Gary_Gero
Fred_Durst_0001.jpg,Fred_Durst
Patricia_Phillips_0001.jpg,Patricia_Phillips
Fred_Durst_0001.jpg,Fred_Durst
Rose_Linkins_0001.jpg,Rose_Linkins
Fred_Durst_0001.jpg,Fred_Durst
Tara_Reid_0001.jpg,Tara_Reid
Frederick_Madden_0001.jpg,Frederick_Madden
Luis_Ernesto_Derbez_Bautista_0003.jpg,Luis_Ernesto_Derbez_Bautista
Gary_Leon_Ridgway_0001.jpg,Gary_Leon_Ridgway
Lisa_Raymond_0001.jpg,Lisa_Raymond
Gary_Leon_Ridgway_0001.jpg,Gary_Leon_Ridgway
Phillip_Seymor_Hoffmann_0001.jpg,Phillip_Seymor_Hoffmann
Gary_Sayler_0001.jpg,Gary_Sayler
Nila_Ferran_0001.jpg,Nila_Ferran
George_Foreman_0001.jpg,George_Foreman
George_Lucas_0001.jpg,George_Lucas
Georgia_Giddings_0001.jpg,Georgia_Giddings
Johnny_Carson_0001.jpg,Johnny_Carson
Gerard_Tronche_0001.jpg,Gerard_Tronche
Jana_Pittman_0001.jpg,Jana_Pittman
Gerhard_Schroeder_0003.jpg,Gerhard_Schroeder
Izzat_Ibrahim_0001.jpg,Izzat_Ibrahim
Ghassan_Elashi_0001.jpg,Ghassan_Elashi
Jesse_Ventura_0002.jpg,Jesse_Ventura
Ghassan_Elashi_0001.jpg,Ghassan_Elashi
Peter_Rasch_0001.jpg,Peter_Rasch
Gideon_Yago_0001.jpg,Gideon_Yago
Robert_Gordon_Card_0001.jpg,Robert_Gordon_Card
Gina_Gershon_0001.jpg,Gina_Gershon
Stacey_Dales-Schuman_0001.jpg,Stacey_Dales-Schuman
Glenn_Tilton_0001.jpg,Glenn_Tilton
Victor_Hanescu_0001.jpg,Victor_Hanescu
Gordon_Brown_0012.jpg,Gordon_Brown
Monica_Gabrielle_0001.jpg,Monica_Gabrielle
Gordon_Campbell_0001.jpg,Gordon_Campbell
Pierre_Boulanger_0002.jpg,Pierre_Boulanger
Gordon_Lightfoot_0001.jpg,Gordon_Lightfoot
Janez_Drnovsek_0001.jpg,Janez_Drnovsek
Grace_Kelly_0001.jpg,Grace_Kelly
Leslie_Moonves_0001.jpg,Leslie_Moonves
Greg_Kinnear_0001.jpg,Greg_Kinnear
Tim_Salmon_0001.jpg,Tim_Salmon
Gregory_Geoffroy_0002.jpg,Gregory_Geoffroy
Paul_Burrell_0011.jpg,Paul_Burrell
Gregory_Hines_0001.jpg,Gregory_Hines
Mary_Frances_Seiter_0001.jpg,Mary_Frances_Seiter
Gregory_Peck_0001.jpg,Gregory_Peck
John_Lawrence_0001.jpg,John_Lawrence
Gregory_Peck_0001.jpg,Gregory_Peck
John_Lynch_0001.jpg,John_Lynch
Guillaume_Cannet_0001.jpg,Guillaume_Cannet
Mark_Mulder_0001.jpg,Mark_Mulder
Guillaume_Cannet_0001.jpg,Guillaume_Cannet
Mohammad_Khatami_0005.jpg,Mohammad_Khatami
Gunilla_Backman_0001.jpg,Gunilla_Backman
Jennifer_Granholm_0001.jpg,Jennifer_Granholm
Gunilla_Backman_0001.jpg,Gunilla_Backman
Ray_Sherman_0001.jpg,Ray_Sherman
Gustavo_Franco_0001.jpg,Gustavo_Franco
Melissa_Joan_Hart_0001.jpg,Melissa_Joan_Hart
Gwendal_Peizerat_0002.jpg,Gwendal_Peizerat
Joe_Nichols_0002.jpg,Joe_Nichols
Gwyneth_Paltrow_0005.jpg,Gwyneth_Paltrow
Mike_Richter_0001.jpg,Mike_Richter
Halbert_Fillinger_0001.jpg,Halbert_Fillinger
Rachel_Hunter_0001.jpg,Rachel_Hunter
Hank_Aaron_0001.jpg,Hank_Aaron
Ron_Howard_0002.jpg,Ron_Howard
Harland_Braun_0001.jpg,Harland_Braun
Lisa_Leslie_0001.jpg,Lisa_Leslie
Harvey_Fierstein_0001.jpg,Harvey_Fierstein
Mike_Slive_0001.jpg,Mike_Slive
Helene_Eksterowicz_0001.jpg,Helene_Eksterowicz
Mario_Lemieux_0001.jpg,Mario_Lemieux
Helio_Castroneves_0001.jpg,Helio_Castroneves
Joxel_Garcia_0001.jpg,Joxel_Garcia
Hermann_Maier_0001.jpg,Hermann_Maier
Robin_Williams_0001.jpg,Robin_Williams
Howard_Smith_0002.jpg,Howard_Smith
Tim_Pawlenty_0001.jpg,Tim_Pawlenty
Hubie_Brown_0001.jpg,Hubie_Brown
Yoon_Jeong_Cho_0001.jpg,Yoon_Jeong_Cho
Hunter_Bates_0001.jpg,Hunter_Bates
James_Williams_0001.jpg,James_Williams
Hussam_Mohammed_Amin_0001.jpg,Hussam_Mohammed_Amin
Mike_Smith_0001.jpg,Mike_Smith
Hussam_Mohammed_Amin_0001.jpg,Hussam_Mohammed_Amin
Princess_Hisako_0001.jpg,Princess_Hisako
Hutomo_Mandala_Putra_0001.jpg,Hutomo_Mandala_Putra
Thomas_Mesereau_Jr_0001.jpg,Thomas_Mesereau_Jr
Iban_Mayo_0002.jpg,Iban_Mayo
Yves_Brodeur_0001.jpg,Yves_Brodeur
Imad_Moustapha_0001.jpg,Imad_Moustapha
Will_Ofenheusle_0001.jpg,Will_Ofenheusle
Ion_Tiriac_0001.jpg,Ion_Tiriac
Lawrence_Roberts_0001.jpg,Lawrence_Roberts
Irina_Yatchenko_0001.jpg,Irina_Yatchenko
Pedro_Solbes_0004.jpg,Pedro_Solbes
Isabelle_Huppert_0001.jpg,Isabelle_Huppert
Pedro_Solbes_0001.jpg,Pedro_Solbes
Isaiah_Washington_0002.jpg,Isaiah_Washington
Lee_Baca_0001.jpg,Lee_Baca
Islam_Karimov_0001.jpg,Islam_Karimov
Shireen_Amir_Begum_0001.jpg,Shireen_Amir_Begum
Ismail_Cem_0001.jpg,Ismail_Cem
Seth_Gorney_0001.jpg,Seth_Gorney
Ismail_Merchant_0001.jpg,Ismail_Merchant
Joseph_Deiss_0001.jpg,Joseph_Deiss
Ivan_Lee_0001.jpg,Ivan_Lee
Paul-Henri_Mathieu_0003.jpg,Paul-Henri_Mathieu
Izzat_Ibrahim_0001.jpg,Izzat_Ibrahim
Tina_Sinatra_0001.jpg,Tina_Sinatra
Jack_Welch_0001.jpg,Jack_Welch
Rick_Dinse_0002.jpg,Rick_Dinse
Jack_Welch_0001.jpg,Jack_Welch
William_Umbach_0001.jpg,William_Umbach
Jalal_Talabani_0001.jpg,Jalal_Talabani
Jean-Marc_Olive_0001.jpg,Jean-Marc_Olive
James_Franco_0002.jpg,James_Franco
Lokendra_Bahadur_Chand_0001.jpg,Lokendra_Bahadur_Chand
James_Ivory_0001.jpg,James_Ivory
Paul_Martin_0007.jpg,Paul_Martin
James_Lockhart_0001.jpg,James_Lockhart
Lisa_Girman_0001.jpg,Lisa_Girman
Jan_Paul_Miller_0001.jpg,Jan_Paul_Miller
Lynne_Slepian_0001.jpg,Lynne_Slepian
Jan_Ullrich_0001.jpg,Jan_Ullrich
William_Rehnquist_0001.jpg,William_Rehnquist
Janet_Chandler_0001.jpg,Janet_Chandler
Zoe_Ball_0001.jpg,Zoe_Ball
Janis_Ruth_Coulter_0001.jpg,Janis_Ruth_Coulter
Laurent_Woulzy_0001.jpg,Laurent_Woulzy
Jason_Clermont_0001.jpg,Jason_Clermont
Vladimir_Ustinov_0001.jpg,Vladimir_Ustinov
Jason_Kapono_0001.jpg,Jason_Kapono
Patricia_Medina_0001.jpg,Patricia_Medina
Jason_Mewes_0001.jpg,Jason_Mewes
Will_Smith_0001.jpg,Will_Smith
Jason_White_0001.jpg,Jason_White
Wolfgang_Clement_0001.jpg,Wolfgang_Clement
Jean-Pierre_Raffarin_0002.jpg,Jean-Pierre_Raffarin
Robert_Horan_0002.jpg,Robert_Horan
Jean-Pierre_Raffarin_0006.jpg,Jean-Pierre_Raffarin
Paul_Kariya_0001.jpg,Paul_Kariya
Jeane_Kirkpatrick_0001.jpg,Jeane_Kirkpatrick
Richard_Carl_0001.jpg,Richard_Carl
Jeane_Kirkpatrick_0001.jpg,Jeane_Kirkpatrick
Tamika_Catchings_0001.jpg,Tamika_Catchings
Jeanne_Anne_Schroeder_0001.jpg,Jeanne_Anne_Schroeder
Yoriko_Kawaguchi_0013.jpg,Yoriko_Kawaguchi
Jeannette_Biedermann_0001.jpg,Jeannette_Biedermann
Roy_Moore_0006.jpg,Roy_Moore
Jeffrey_Pfeffer_0001.jpg,Jeffrey_Pfeffer
Terry_Lynn_Barton_0001.jpg,Terry_Lynn_Barton
Jen_Bice_0001.jpg,Jen_Bice
Lily_Tomlin_0002.jpg,Lily_Tomlin
Jen_Bice_0001.jpg,Jen_Bice
Martha_Burk_0002.jpg,Martha_Burk
Jenna_Elfman_0001.jpg,Jenna_Elfman
Mack_Brown_0001.jpg,Mack_Brown
Jenna_Elfman_0001.jpg,Jenna_Elfman
Steffi_Graf_0005.jpg,Steffi_Graf
Jenna_Elfman_0001.jpg,Jenna_Elfman
Willie_Wilson_0001.jpg,Willie_Wilson
Jennifer_Keller_0004.jpg,Jennifer_Keller
Paula_Abdul_0001.jpg,Paula_Abdul
Jennifer_Thompson_0001.jpg,Jennifer_Thompson
Serge_Melac_0001.jpg,Serge_Melac
Jeremy_Greenstock_0007.jpg,Jeremy_Greenstock
Jim_Flaherty_0001.jpg,Jim_Flaherty
Jerry_Bruckheimer_0001.jpg,Jerry_Bruckheimer
John_Blaney_0001.jpg,John_Blaney
Jerry_Jones_0001.jpg,Jerry_Jones
Robert_Woody_Johnson_0001.jpg,Robert_Woody_Johnson
Jesse_Ventura_0001.jpg,Jesse_Ventura
Reggie_Lewis_0001.jpg,Reggie_Lewis
Jesse_Ventura_0003.jpg,Jesse_Ventura
Roy_Romanow_0001.jpg,Roy_Romanow
Jessica_Biel_0001.jpg,Jessica_Biel
Jim_Freudenberg_0001.jpg,Jim_Freudenberg
Jim_Calhoun_0001.jpg,Jim_Calhoun
Perry_Farrell_0001.jpg,Perry_Farrell
Jim_Cantalupo_0001.jpg,Jim_Cantalupo
Joe_Pantoliano_0001.jpg,Joe_Pantoliano
Jim_Hahn_0004.jpg,Jim_Hahn
Vaclav_Havel_0003.jpg,Vaclav_Havel
Jim_Hahn_0004.jpg,Jim_Hahn
Vicente_Fernandez_0002.jpg,Vicente_Fernandez
Jim_Letten_0001.jpg,Jim_Letten
Victor_Hanescu_0001.jpg,Victor_Hanescu
Joaquin_Phoenix_0001.jpg,Joaquin_Phoenix
Kajsa_Bergqvist_0001.jpg,Kajsa_Bergqvist
Joe_Pantoliano_0001.jpg,Joe_Pantoliano
Robin_Tunney_0001.jpg,Robin_Tunney
John_Belushi_0001.jpg,John_Belushi
Mahima_Chaudhari_0001.jpg,Mahima_Chaudhari
John_Blaney_0002.jpg,John_Blaney
Sam_Brownback_0001.jpg,Sam_Brownback
John_Franco_0001.jpg,John_Franco
Teri_Files_0001.jpg,Teri_Files
John_Garamendi_0002.jpg,John_Garamendi
Peter_Goldmark_0001.jpg,Peter_Goldmark
John_Kerr_0001.jpg,John_Kerr
Susan_Whelan_0001.jpg,Susan_Whelan
John_Lynch_0001.jpg,John_Lynch
Stefano_Gabbana_0001.jpg,Stefano_Gabbana
John_Mayer_0003.jpg,John_Mayer
Miguel_Jimenez_0001.jpg,Miguel_Jimenez
John_McCallum_0001.jpg,John_McCallum
Mark_Andrew_0001.jpg,Mark_Andrew
John_Rowland_0002.jpg,John_Rowland
Robert_Lee_Yates_Jr_0001.jpg,Robert_Lee_Yates_Jr
John_Walsh_0002.jpg,John_Walsh
Paul_Hogan_0002.jpg,Paul_Hogan
Johnny_Depp_0002.jpg,Johnny_Depp
Scott_Dickson_0001.jpg,Scott_Dickson
Jorge_Arce_0001.jpg,Jorge_Arce
Samuel_Waksal_0003.jpg,Samuel_Waksal
Jorge_Quiroga_0001.jpg,Jorge_Quiroga
Ramona_Rispton_0001.jpg,Ramona_Rispton
Jorge_Quiroga_0001.jpg,Jorge_Quiroga
Surakait_Sathirathai_0001.jpg,Surakait_Sathirathai
Jose_Bove_0001.jpg,Jose_Bove
Michalis_Chrisohoides_0001.jpg,Michalis_Chrisohoides
Jose_Bove_0001.jpg,Jose_Bove
Princess_Diana_0001.jpg,Princess_Diana
Jose_Luis_Chilavert_0001.jpg,Jose_Luis_Chilavert
Sofyan_Dawood_0001.jpg,Sofyan_Dawood
Juan_Carlos_0001.jpg,Juan_Carlos
Patricia_Phillips_0001.jpg,Patricia_Phillips
Judy_Dean_0001.jpg,Judy_Dean
Kristanna_Loken_0001.jpg,Kristanna_Loken
Julia_Ormond_0001.jpg,Julia_Ormond
Randy_Dryer_0001.jpg,Randy_Dryer
Julio_Cesar_Chavez_0001.jpg,Julio_Cesar_Chavez
Marc_Racicot_0001.jpg,Marc_Racicot
Kaoru_Hasuike_0001.jpg,Kaoru_Hasuike
Tom_Foy_0001.jpg,Tom_Foy
Karen_Allen_0001.jpg,Karen_Allen
LeRoy_Millette_Jr_0001.jpg,LeRoy_Millette_Jr
Karen_Allen_0001.jpg,Karen_Allen
Rick_Bragg_0001.jpg,Rick_Bragg
Karl-Heinz_Rummenigge_0001.jpg,Karl-Heinz_Rummenigge
Wayne_Newton_0001.jpg,Wayne_Newton
Katie_Boone_0001.jpg,Katie_Boone
Terri_Clark_0001.jpg,Terri_Clark
Keith_Osik_0001.jpg,Keith_Osik
Robert_Nardelli_0001.jpg,Robert_Nardelli
Kent_Robinson_0001.jpg,Kent_Robinson
Marquier_Montano_Contreras_0001.jpg,Marquier_Montano_Contreras
Kevin_Gil_0001.jpg,Kevin_Gil
Mary_Bono_0001.jpg,Mary_Bono
Kevin_Hearn_0001.jpg,Kevin_Hearn
Todd_Haynes_0003.jpg,Todd_Haynes
Khader_Rashid_Rahim_0001.jpg,Khader_Rashid_Rahim
Martha_Burk_0001.jpg,Martha_Burk
Khader_Rashid_Rahim_0001.jpg,Khader_Rashid_Rahim
Michael_Arif_0001.jpg,Michael_Arif
Kim_Yong-il_0002.jpg,Kim_Yong-il
Terri_Clark_0001.jpg,Terri_Clark
Koichi_Tanaka_0001.jpg,Koichi_Tanaka
Sterling_Hitchcock_0001.jpg,Sterling_Hitchcock
Kosuke_Kitajima_0002.jpg,Kosuke_Kitajima
Qazi_Hussain_Ahmed_0001.jpg,Qazi_Hussain_Ahmed
Kristin_Davis_0003.jpg,Kristin_Davis
Steven_Van_Zandt_0001.jpg,Steven_Van_Zandt
Kurt_Hellstrom_0001.jpg,Kurt_Hellstrom
Manuel_Pellegrini_0001.jpg,Manuel_Pellegrini
Laszlo_Kovacs_0001.jpg,Laszlo_Kovacs
Michael_Arif_0001.jpg,Michael_Arif
Laura_Elena_Harring_0001.jpg,Laura_Elena_Harring
Rowan_Williams_0001.jpg,Rowan_Williams
Laurel_Clark_0001.jpg,Laurel_Clark
Rahul_Dravid_0001.jpg,Rahul_Dravid
Lawrence_Di_Rita_0001.jpg,Lawrence_Di_Rita
Tim_Allen_0002.jpg,Tim_Allen
Lawrence_Roberts_0001.jpg,Lawrence_Roberts
Malik_Mahmud_0001.jpg,Malik_Mahmud
Lea_Fastow_0001.jpg,Lea_Fastow
Todd_Parrott_0001.jpg,Todd_Parrott
Lee_Baca_0001.jpg,Lee_Baca
Pat_Summerall_0001.jpg,Pat_Summerall
Leisel_Jones_0001.jpg,Leisel_Jones
Steven_Hatfill_0001.jpg,Steven_Hatfill
Lena_Katina_0001.jpg,Lena_Katina
Queen_Noor_0001.jpg,Queen_Noor
Leonard_Glick_0001.jpg,Leonard_Glick
Terrence_Trammell_0001.jpg,Terrence_Trammell
Leonard_Schrank_0001.jpg,Leonard_Schrank
Ozzy_Osbourne_0001.jpg,Ozzy_Osbourne
Leslie_Wiser_Jr_0001.jpg,Leslie_Wiser_Jr
Mireya_Moscoso_0001.jpg,Mireya_Moscoso
Lisa_Murkowski_0001.jpg,Lisa_Murkowski
Svetlana_Belousova_0001.jpg,Svetlana_Belousova
Lisa_Raymond_0002.jpg,Lisa_Raymond
Robert_Redford_0007.jpg,Robert_Redford
Ludwig_Ovalle_0001.jpg,Ludwig_Ovalle
Mauricio_Macri_0001.jpg,Mauricio_Macri
Luis_Pujols_0001.jpg,Luis_Pujols
Rohman_al-Ghozi_0001.jpg,Rohman_al-Ghozi
Makhdoom_Amin_Fahim_0001.jpg,Makhdoom_Amin_Fahim
Tang_Jiaxuan_0005.jpg,Tang_Jiaxuan
Malcolm_Wild_0001.jpg,Malcolm_Wild
Owen_Wilson_0002.jpg,Owen_Wilson
Mamdouh_Habib_0001.jpg,Mamdouh_Habib
Polona_Bas_0001.jpg,Polona_Bas
Manijeh_Hekmat_0001.jpg,Manijeh_Hekmat
Richard_Carl_0001.jpg,Richard_Carl
Manijeh_Hekmat_0001.jpg,Manijeh_Hekmat
Se_Hyuk_Joo_0001.jpg,Se_Hyuk_Joo
Marc_Anthony_0001.jpg,Marc_Anthony
Vince_Vaughan_0001.jpg,Vince_Vaughan
Margie_Puente_0001.jpg,Margie_Puente
Rafiq_Hariri_0001.jpg,Rafiq_Hariri
Maria_Callas_0001.jpg,Maria_Callas
Melchor_Cob_Castro_0001.jpg,Melchor_Cob_Castro
Mario_Lemieux_0001.jpg,Mario_Lemieux
Pedro_Solbes_0004.jpg,Pedro_Solbes
Marissa_Jaret_Winokur_0001.jpg,Marissa_Jaret_Winokur
Vincent_Sombrotto_0001.jpg,Vincent_Sombrotto
Mark_Dacey_0002.jpg,Mark_Dacey
Russ_Ortiz_0001.jpg,Russ_Ortiz
Mark_Martin_0001.jpg,Mark_Martin
Vladimir_Spidla_0002.jpg,Vladimir_Spidla
Mark_Mishkin_0001.jpg,Mark_Mishkin
Nick_Reilly_0001.jpg,Nick_Reilly
Mark_Mishkin_0001.jpg,Mark_Mishkin
Shawn_Marion_0001.jpg,Shawn_Marion
Marricia_Tate_0001.jpg,Marricia_Tate
Rita_Moreno_0002.jpg,Rita_Moreno
Mary_Landrieu_0001.jpg,Mary_Landrieu
Robert_Gordon_Card_0001.jpg,Robert_Gordon_Card
Maryn_McKenna_0001.jpg,Maryn_McKenna
Shawn_Marion_0001.jpg,Shawn_Marion
Maryn_McKenna_0001.jpg,Maryn_McKenna
Tim_Pawlenty_0001.jpg,Tim_Pawlenty
Masum_Turker_0001.jpg,Masum_Turker
Norman_Mineta_0001.jpg,Norman_Mineta
Matt_Dillon_0001.jpg,Matt_Dillon
Regina_Ip_0001.jpg,Regina_Ip
Matthias_Sammer_0001.jpg,Matthias_Sammer
Robbie_Naish_0001.jpg,Robbie_Naish
Melissa_Etheridge_0002.jpg,Melissa_Etheridge
Teri_Files_0001.jpg,Teri_Files
Michael_J_Sheehan_0001.jpg,Michael_J_Sheehan
Michael_Smith_Foster_0001.jpg,Michael_Smith_Foster
Michael_Linscott_0001.jpg,Michael_Linscott
Robin_Tunney_0001.jpg,Robin_Tunney
Michael_Phelps_0005.jpg,Michael_Phelps
Pat_Burns_0002.jpg,Pat_Burns
Michael_Sheehan_0001.jpg,Michael_Sheehan
Vincent_Cianci_Jr_0001.jpg,Vincent_Cianci_Jr
Michael_Smith_Foster_0001.jpg,Michael_Smith_Foster
Rupert_Murdoch_0001.jpg,Rupert_Murdoch
Michelle_Yeoh_0005.jpg,Michelle_Yeoh
Shoshannah_Stern_0001.jpg,Shoshannah_Stern
Miguel_Aldana_Ibarra_0001.jpg,Miguel_Aldana_Ibarra
Mikhail_Gorbachev_0001.jpg,Mikhail_Gorbachev
Miguel_Jimenez_0001.jpg,Miguel_Jimenez
Paris_Hilton_0001.jpg,Paris_Hilton
Mike_Helton_0002.jpg,Mike_Helton
Reggie_Lewis_0001.jpg,Reggie_Lewis
Mike_Leach_0001.jpg,Mike_Leach
Thomas_Haeggstroem_0001.jpg,Thomas_Haeggstroem
Mike_Maroth_0001.jpg,Mike_Maroth
Stefan_Holm_0001.jpg,Stefan_Holm
Mike_Slive_0001.jpg,Mike_Slive
Paul_Sarbanes_0003.jpg,Paul_Sarbanes
Mikhail_Youzhny_0002.jpg,Mikhail_Youzhny
Vince_Dooley_0001.jpg,Vince_Dooley
Mikulas_Dzurinda_0002.jpg,Mikulas_Dzurinda
Shirley_Jones_0001.jpg,Shirley_Jones
Miles_Stewart_0001.jpg,Miles_Stewart
Yasushi_Akashi_0001.jpg,Yasushi_Akashi
Mirela_Manjani_0001.jpg,Mirela_Manjani
Robert_Woody_Johnson_0001.jpg,Robert_Woody_Johnson
Mitchell_McLaughlin_0001.jpg,Mitchell_McLaughlin
Timothy_Goebel_0001.jpg,Timothy_Goebel
Mohammed_Baqir_al-Hakim_0003.jpg,Mohammed_Baqir_al-Hakim
Neil_Goldman_0001.jpg,Neil_Goldman
Mona_Ayoub_0001.jpg,Mona_Ayoub
Todd_Parrott_0001.jpg,Todd_Parrott
Mufti_Mohammad_Syed_0001.jpg,Mufti_Mohammad_Syed
Ralf_Schumacher_0004.jpg,Ralf_Schumacher
Nathalie_Gagnon_0001.jpg,Nathalie_Gagnon
Rupert_Grint_0002.jpg,Rupert_Grint
Neil_Goldman_0001.jpg,Neil_Goldman
Niall_Connolly_0001.jpg,Niall_Connolly
Nick_Reilly_0001.jpg,Nick_Reilly
Tassos_Papadopoulos_0001.jpg,Tassos_Papadopoulos
Nicolas_Sarkozy_0001.jpg,Nicolas_Sarkozy
Shanna_Zolman_0001.jpg,Shanna_Zolman
Norm_Coleman_0002.jpg,Norm_Coleman
Osmond_Smith_0001.jpg,Osmond_Smith
Norman_Mailer_0001.jpg,Norman_Mailer
Steven_Curtis_Chapman_0001.jpg,Steven_Curtis_Chapman
Oliver_Neuville_0001.jpg,Oliver_Neuville
Shawn_Marion_0001.jpg,Shawn_Marion
Park_Jie-won_0001.jpg,Park_Jie-won
Steve_Patterson_0001.jpg,Steve_Patterson
Patty_Sheehan_0001.jpg,Patty_Sheehan
William_Nessen_0001.jpg,William_Nessen
Paul_Hogan_0001.jpg,Paul_Hogan
Thomas_Watjen_0001.jpg,Thomas_Watjen
Paul_Hogan_0001.jpg,Paul_Hogan
William_Martin_0001.jpg,William_Martin
Paul_Kariya_0001.jpg,Paul_Kariya
Shannon_OBrien_0002.jpg,Shannon_OBrien
Paul_Martin_0001.jpg,Paul_Martin
Stephanie_Cohen_Aloro_0001.jpg,Stephanie_Cohen_Aloro
Paul_Michael_Daniels_0001.jpg,Paul_Michael_Daniels
Simon_Chalk_0001.jpg,Simon_Chalk
Paul_Schrader_0001.jpg,Paul_Schrader
Teri_Files_0001.jpg,Teri_Files
Paula_Prentiss_0001.jpg,Paula_Prentiss
Thomas_Mesereau_Jr_0001.jpg,Thomas_Mesereau_Jr
Pedro_Martinez_0001.jpg,Pedro_Martinez
Stephen_Glassroth_0001.jpg,Stephen_Glassroth
Peter_Fitzgerald_0001.jpg,Peter_Fitzgerald
Zelma_Novelo_0001.jpg,Zelma_Novelo
Phil_Jackson_0001.jpg,Phil_Jackson
Richard_Penniman_0001.jpg,Richard_Penniman
Phillipe_Comtois_0001.jpg,Phillipe_Comtois
Richard_Carl_0001.jpg,Richard_Carl
Pierre_Boulanger_0001.jpg,Pierre_Boulanger
Shania_Twain_0001.jpg,Shania_Twain
Princess_Diana_0001.jpg,Princess_Diana
Steffi_Graf_0002.jpg,Steffi_Graf
Priscilla_Presley_0001.jpg,Priscilla_Presley
Sergey_Lavrov_0005.jpg,Sergey_Lavrov
Priscilla_Presley_0001.jpg,Priscilla_Presley
Victoria_Beckham_0003.jpg,Victoria_Beckham
Richard_Butler_0001.jpg,Richard_Butler
Victoria_Beckham_0001.jpg,Victoria_Beckham
Richard_Pennington_0001.jpg,Richard_Pennington
Stacy_Nelson_0001.jpg,Stacy_Nelson
Rick_Caruso_0001.jpg,Rick_Caruso
Steve_Wariner_0001.jpg,Steve_Wariner
Rick_Perry_0006.jpg,Rick_Perry
Svetlana_Koroleva_0001.jpg,Svetlana_Koroleva
Ricky_Cottrill_0001.jpg,Ricky_Cottrill
Sananda_Maitreya_0001.jpg,Sananda_Maitreya
Robert_Flodquist_0001.jpg,Robert_Flodquist
Winona_Ryder_0011.jpg,Winona_Ryder
Rod_Stewart_0001.jpg,Rod_Stewart
Tom_Scully_0001.jpg,Tom_Scully
Rod_Stewart_0003.jpg,Rod_Stewart
Se_Hyuk_Joo_0001.jpg,Se_Hyuk_Joo
Rod_Thorn_0001.jpg,Rod_Thorn
Yves_Brodeur_0001.jpg,Yves_Brodeur
Ron_Howard_0001.jpg,Ron_Howard
Tim_Pawlenty_0001.jpg,Tim_Pawlenty
Ronaldo_Luis_Nazario_de_Lima_0001.jpg,Ronaldo_Luis_Nazario_de_Lima
Samuel_Waksal_0002.jpg,Samuel_Waksal
Sami_Al-Arian_0001.jpg,Sami_Al-Arian
Tommy_Lasorda_0001.jpg,Tommy_Lasorda
Sarah_Canale_0001.jpg,Sarah_Canale
Steven_Curtis_Chapman_0001.jpg,Steven_Curtis_Chapman
Sasha_Cohen_0001.jpg,Sasha_Cohen
Valery_Giscard_dEstaing_0005.jpg,Valery_Giscard_dEstaing
Scott_Dalton_0001.jpg,Scott_Dalton
Tamara_Mowry_0001.jpg,Tamara_Mowry
Sergio_Castellitto_0001.jpg,Sergio_Castellitto
Steve_Lavin_0005.jpg,Steve_Lavin
Seth_Gorney_0001.jpg,Seth_Gorney
Wilton_Gregory_0001.jpg,Wilton_Gregory
Shane_Mosley_0001.jpg,Shane_Mosley
Stacey_Dales-Schuman_0001.jpg,Stacey_Dales-Schuman
Sheila_Taormina_0001.jpg,Sheila_Taormina
Stephan_Eberharter_0001.jpg,Stephan_Eberharter
Stefano_Gabbana_0001.jpg,Stefano_Gabbana
Tang_Jiaxuan_0003.jpg,Tang_Jiaxuan
Steve_Wariner_0001.jpg,Steve_Wariner
Toshi_Izawa_0001.jpg,Toshi_Izawa
Steve_Zahn_0001.jpg,Steve_Zahn
Tab_Baldwin_0001.jpg,Tab_Baldwin
Susan_Whelan_0001.jpg,Susan_Whelan
Wolfgang_Schneiderhan_0001.jpg,Wolfgang_Schneiderhan
Takeo_Fukui_0001.jpg,Takeo_Fukui
Will_Ofenheusle_0001.jpg,Will_Ofenheusle
Tamara_Mowry_0001.jpg,Tamara_Mowry
Zach_Parise_0001.jpg,Zach_Parise
Tatiana_Kennedy_Schlossberg_0001.jpg,Tatiana_Kennedy_Schlossberg
Thomas_Watjen_0001.jpg,Thomas_Watjen
Todd_Petit_0001.jpg,Todd_Petit
Vicente_Fernandez_0003.jpg,Vicente_Fernandez
